patient_id,file_id,file_name,md5
TCGA-05-4245,369058a0-4e50-43b3-b3e0-e2a7eafd5c76,70d623a4-5140-4010-8eed-5f95a9fdd168.rna_seq.augmented_star_gene_counts.tsv,02be0e8aa8b58ff94913e3d65a3a9c67
TCGA-05-4249,320660cd-100a-4f5a-a604-4de3ced7f042,258b0b5e-2b09-4378-9606-83955ca19d7c.rna_seq.augmented_star_gene_counts.tsv,3a758779c173708b74d410af19c25e8e
TCGA-05-4250,72db648d-0ff7-418b-b7bd-590eda282f74,f0395da6-5f12-4a35-8aa6-0b1b47a2acba.rna_seq.augmented_star_gene_counts.tsv,b7ee69b362188669c7924dabfb628b0d
TCGA-05-4382,f2d6b758-501e-447a-a3d0-f899e532ac84,430458f1-86d8-4ec8-a8fe-6a58ac832bdd.rna_seq.augmented_star_gene_counts.tsv,df0dd387c7cc0c8894c084cc850ad780
TCGA-05-4384,b4de06a8-883b-4d02-afc6-d926c588c4ee,819e9776-131f-4c00-b93c-9936cbcc55b8.rna_seq.augmented_star_gene_counts.tsv,3eb007b6bd0a164f0f79485eeaecbe4b
TCGA-05-4390,780617e8-6a28-4774-b1e6-3135e1932327,5a1b3a79-375e-47a7-8a30-b37fbfd8162d.rna_seq.augmented_star_gene_counts.tsv,e3b4c6bab93e8bb6c408fdeb991b526a
TCGA-05-4396,5ddf8f4a-edd8-4b97-8d4d-76655d9018c5,59a0b90e-8b8b-41b8-95f0-d51961a94be5.rna_seq.augmented_star_gene_counts.tsv,26904b98fc550132996ccef4342a5cb3
TCGA-05-4397,ba3e1d1e-3193-4770-9c57-b4ff1502af38,ce68bb71-4052-499c-bf2e-81d9c0dafc9b.rna_seq.augmented_star_gene_counts.tsv,c7dcea8c2e92fa09fbb39ad9230688ff
TCGA-05-4398,a308da6a-7eec-4a96-8884-d6ea49637744,14797b04-c56a-4ceb-bd0f-a4e785e90f75.rna_seq.augmented_star_gene_counts.tsv,f0cecb0ee5d1b480a3579cd29f642f1c
TCGA-05-4402,2e0c7cfb-2794-4c86-b43e-8215c39186d8,882d1be3-1f82-41e7-8538-1ef513efef32.rna_seq.augmented_star_gene_counts.tsv,35491666b4f49853c1524df9a52c2418
TCGA-05-4403,4981d1f3-2824-4cd0-81b8-e12a9727a248,1f7938f1-e04e-4ed0-8189-3d701c6fef72.rna_seq.augmented_star_gene_counts.tsv,bb9e2d908f47845c0c574bc498442c33
TCGA-05-4405,9dffc7c0-da78-48a9-b438-a4886a45048e,52b34ef3-a814-4aa9-a395-6beea6a71f11.rna_seq.augmented_star_gene_counts.tsv,ef3ff1b0c15f22c4187e34058739096c
TCGA-05-4415,892294a6-6b94-4284-bae3-9eb0bdc853f6,981bfd73-1d4c-47c0-870a-b9a6300858dc.rna_seq.augmented_star_gene_counts.tsv,6959c489a603e1f8d501b811b7446fb7
TCGA-05-4417,62560d5c-0cae-4fc7-820a-9c1236eb2c80,f30ea4c5-0110-403e-b171-2ea1e35c1ea0.rna_seq.augmented_star_gene_counts.tsv,8bfa27688dff26f89c327a22f31fd088
TCGA-05-4418,7429ab01-a223-4be3-9b41-99100ea06d99,e860f314-beb1-4dfd-adb8-e188f13ca1c8.rna_seq.augmented_star_gene_counts.tsv,18faa9f923350f09f5f136d780c74582
TCGA-05-4420,65b91a69-f98e-49b5-8f87-667dd0aeafdf,9c92bdc5-8b9b-4843-82a4-2fa6ee4d40a3.rna_seq.augmented_star_gene_counts.tsv,51f33d209baeefcd45088777641baf87
TCGA-05-4422,60477322-5657-495a-8ce3-4f806acd3dcb,b3f38fc5-d1e6-4fd9-bd36-b413a3ac850e.rna_seq.augmented_star_gene_counts.tsv,8d2243d599431039568c47062d3ec343
TCGA-05-4424,07a53d2a-ebf6-4517-880a-064bae5ee972,d20f5121-5e33-4b35-8cdf-df2eb51a099d.rna_seq.augmented_star_gene_counts.tsv,ba99497a83fd8312faf8218093ec83fe
TCGA-05-4425,e6629c88-a050-41ed-afe7-e74255f4d3b1,894424ab-29c3-4f41-88e7-f59d0df10c28.rna_seq.augmented_star_gene_counts.tsv,d6104d2dbbc02f7b9cd071183062420a
TCGA-05-4426,f1b1d4ff-2556-44c0-80b0-1fd3b659c227,06deab65-ccea-473f-ad0e-7e3928df2e07.rna_seq.augmented_star_gene_counts.tsv,1618b0b86ca8a5699ddee760e8536180
TCGA-05-4427,4297f902-2495-48fb-af36-31e61f727215,d2bf5f92-08f4-492e-96c2-399262f96828.rna_seq.augmented_star_gene_counts.tsv,1cfbf6dd348981359811261b7ccf3ee0
TCGA-05-4430,06d5f913-5f62-4200-8a51-26c8fa2052b4,aae80a97-730b-4180-93de-56ddbb262419.rna_seq.augmented_star_gene_counts.tsv,51b320794dc34b908d9107b6209509b5
TCGA-05-4432,2281a9d6-bd48-418a-9ad1-04b06a251e47,36db1d28-8a10-46cc-91ef-d5036aaba9c3.rna_seq.augmented_star_gene_counts.tsv,f5b0bdb648131cc3e4480a83fa5ccc2e
TCGA-05-4433,3aa81439-d4cc-41ef-9568-e6a11c8b1b52,a6a841ae-f63f-45ab-9a17-2288e12a9577.rna_seq.augmented_star_gene_counts.tsv,05bfeecde7362dbcbae722eb21ce6d96
TCGA-05-4434,25f44be3-2e4f-4121-ac23-21bd3866dbce,e62d96e9-3e79-4eef-9e5e-568a48dd737b.rna_seq.augmented_star_gene_counts.tsv,3060c8a23e9334d28c758f13f50b9c5c
TCGA-05-5425,26ea6a31-ea33-4bb9-814f-c0840dafe69e,09728f38-787f-4868-b28d-8cf6afa3c71b.rna_seq.augmented_star_gene_counts.tsv,aaf8cfc5d793ce80ece61c7e168c55dd
TCGA-05-5715,20daa4af-7d88-42c8-9279-34372e687e5d,9446312e-b87c-411c-b9a3-a19603eff965.rna_seq.augmented_star_gene_counts.tsv,b8c63fb95772121ef09e0c404fc97c80
TCGA-35-4122,58dcd45a-714f-4a22-b367-813dd41829de,f21b5258-2e93-4fe0-bd98-9eb1216e824b.rna_seq.augmented_star_gene_counts.tsv,5c25b3fcf6e406dd7eda01e20d90b5d3
TCGA-35-4123,5a7bd024-3d92-4e64-86bd-b6eea34f6526,e9f19ff2-29c5-4578-9c23-9d58c192ff59.rna_seq.augmented_star_gene_counts.tsv,51f8dffbecf75b35908f5483dfe3d7e5
TCGA-35-5375,0052ae83-7ae5-470a-a125-5cd94a9fa9e9,a6a6b9c6-9db7-42b3-a09f-770b7e126fbb.rna_seq.augmented_star_gene_counts.tsv,3965545354a18beca3a6159f16b254fe
TCGA-38-4625,242a2880-95da-453f-892d-fafd49a4865e,9301f86d-9d6f-4aa6-a640-a543b5aea5db.rna_seq.augmented_star_gene_counts.tsv,db04ade49f3788d672b6dee1d122c3e7
TCGA-38-4626,d1a18468-9c02-4d61-8e3e-43a6d23d402e,9bfd464b-419a-43c0-929a-c1d219713a6f.rna_seq.augmented_star_gene_counts.tsv,7b2ce17ae141f13d17fde3d0f594cd70
TCGA-38-4627,08971a88-cb64-4030-93e5-08d77d2ed654,978fb63c-dae9-4037-81c9-598e87341931.rna_seq.augmented_star_gene_counts.tsv,2fc7061fd638f84bc5aee8e89a793661
TCGA-38-4628,8cdb3ed5-5922-4833-b255-30d9322f8fe9,322ff57d-60a1-45d6-a103-c953d11924f1.rna_seq.augmented_star_gene_counts.tsv,c0f1f2bb8b197bfbade439b9eb0f7ff4
TCGA-38-4629,6855a406-c085-45c7-b789-981786f0c775,9ebc079c-069f-4468-8b9e-680e39a3c4ad.rna_seq.augmented_star_gene_counts.tsv,27b48c36af06bc65f1e56fd5d4acf608
TCGA-38-4630,739b3fc4-0924-4d13-aecc-acc93cb9f486,bc037eb7-5afa-4730-b896-23bf21a31641.rna_seq.augmented_star_gene_counts.tsv,f551ba1938fa0b0fcb81b8e7a4f1b03b
TCGA-38-4631,cab5b00a-9cf2-4e1f-b2f3-93d27b73631e,f48a9d85-c3c7-40bc-9215-760ba3b8fa60.rna_seq.augmented_star_gene_counts.tsv,5154d3e19c898832db7d8d0e19b736de
TCGA-38-4632,665a7af8-9c2d-4a31-9a22-da89fc7107b2,6f53a60f-3be2-48df-a15a-4675e99efba1.rna_seq.augmented_star_gene_counts.tsv,a66b49a6d71bc1607d8a2cac2552bf9e
TCGA-38-6178,ace52699-f049-4a11-ab3d-ce3719c62e41,0e3e11b9-9f43-4a0d-8665-023fae9f8b00.rna_seq.augmented_star_gene_counts.tsv,7edb44b06da1d77cd7dde2a9eece24a8
TCGA-38-7271,81d92351-c619-4585-9281-de33eaaabba4,98d020b1-0467-4131-a3cc-64d288d0e9e7.rna_seq.augmented_star_gene_counts.tsv,6517fb7e1116fc25434382dddce15503
TCGA-38-A44F,7cb19688-bac4-41bf-b69e-977ac0da0aa1,aeea81c2-afda-410d-a0bb-955e7cddda09.rna_seq.augmented_star_gene_counts.tsv,627ad43fa8fa858f2eb4cb406d19f0fe
TCGA-44-2655,eac5ebd0-d788-4908-8eb7-976d6b611667,b8e8f06f-a5a9-4d16-b39f-585dcee31087.rna_seq.augmented_star_gene_counts.tsv,fe8bdb396de968ed406222a96e5f4e03
TCGA-44-2656,77819b24-ea90-427b-8a99-c9a90417c903,b307f8c5-d21f-42ae-9771-07126d58999e.rna_seq.augmented_star_gene_counts.tsv,17ef1ace139348ed26e624c75141db31
TCGA-44-2657,93db566e-8ff9-45b0-afa2-0fbe82b8f580,ab589a7b-7cc9-4257-8fd7-241d2e3658da.rna_seq.augmented_star_gene_counts.tsv,32b6fcb0736a85a6570c344798975243
TCGA-44-2659,dc8e99bb-f021-44e4-8c60-213405ee156a,325c7d6b-292d-46e5-85d1-785ae8a48c33.rna_seq.augmented_star_gene_counts.tsv,357e533a6bec9fcad430e9553c28a732
TCGA-44-2661,c3e2e99a-537a-4263-a835-fef5ed2c3588,6906b453-44ef-404a-9fe6-2b4d5fa65110.rna_seq.augmented_star_gene_counts.tsv,71740f1664884b0683c335ba95d503db
TCGA-44-2662,2bf191f1-b880-427e-996c-0e75df13d738,33e0a8b2-3e7e-46da-b5ef-76463308d3b9.rna_seq.augmented_star_gene_counts.tsv,ef0b2d0588b1848278ab06a7ef22b37d
TCGA-44-2665,ba8aebd8-07de-46c0-a28f-b2408c36f07f,77b82c3f-e20c-4e3b-a55c-08af359bbb6e.rna_seq.augmented_star_gene_counts.tsv,d1590f85d1f41250edf7dd5f7518ddfb
TCGA-44-2666,52363b7b-f157-4fbe-8388-169b6152c9fe,655b5152-d150-4b2a-b7cc-ef70dc0b2256.rna_seq.augmented_star_gene_counts.tsv,9b7b008eedede6079972ef9bd66aacd9
TCGA-44-2668,f47927c5-e1e9-4152-9817-79aa6e64111a,58e4f0e6-3b0f-4370-8abf-0b4d533672c5.rna_seq.augmented_star_gene_counts.tsv,0fc88797118778552f82be2c848df862
TCGA-44-3396,bbb70a6e-a91c-4c67-9ec0-b33185ab4f8d,1f7293ad-85b2-4d42-afcc-88cf1027cf5f.rna_seq.augmented_star_gene_counts.tsv,beeb398a1376012fdd784b5c99831e14
TCGA-44-3398,f73807f5-edf8-4a4d-8550-048d9c5413e5,1890feb6-9f7f-4437-9828-198ff43e16b0.rna_seq.augmented_star_gene_counts.tsv,4f063c01a122b4e335a57a03f8a93c05
TCGA-44-3917,b0b5b05d-f782-449d-94cf-8fd74a4bd30c,146a69db-f304-4dd3-97e2-4d11b6512069.rna_seq.augmented_star_gene_counts.tsv,f325cd9d860c3a44c00a9224028439db
TCGA-44-3918,cc1174cd-f902-46f0-9e69-b285b2b1317c,3f579bea-4481-42cd-b433-4f4ff65cf7b0.rna_seq.augmented_star_gene_counts.tsv,29dfdede38026aab732cfccf92916e1b
TCGA-44-3919,55bbaa27-e618-48d6-bac3-80e9cfbcdf2c,81e85e60-a0b6-4898-8cb0-02ac1a70f157.rna_seq.augmented_star_gene_counts.tsv,741d33e726c4c9be4b6046322f6af731
TCGA-44-4112,9af8b2eb-3dbb-4688-a5fd-15abc0460f57,9aba4243-1817-4f5f-8e9d-66da98229246.rna_seq.augmented_star_gene_counts.tsv,f6fc77b947e6e066e3e5203ffcd134a1
TCGA-44-5643,db07bd22-cf7a-4504-9491-1bdeb1e14339,c29e5bb3-860d-4f1f-b27d-ae5b9d8c4208.rna_seq.augmented_star_gene_counts.tsv,3510c07447e7c8b228629caf2f48e938
TCGA-44-5644,23ab7447-ba7a-4947-bacf-2c0b209b38cf,e89ecf81-4892-48c8-be13-926f92d5ec97.rna_seq.augmented_star_gene_counts.tsv,0ed3b7ac747cca1ba51081f22c1cf742
TCGA-44-5645,1c9ada61-d900-4498-9ef1-14a91212faf6,9e504ab4-85a0-465d-be52-0c28ed83e5f8.rna_seq.augmented_star_gene_counts.tsv,4bd120d884095948f8cc7ad075e8d008
TCGA-44-6145,895ca581-915e-4057-b66a-dc2d5213d7e4,df2ac75d-208d-4cc1-867b-aea3e36117c6.rna_seq.augmented_star_gene_counts.tsv,da743f83b6d39a05dff925f0da155672
TCGA-44-6146,7a2e7511-e77e-4805-82a3-cb9f5939ed26,735e3d15-4df3-4162-b819-1ebc1991bfce.rna_seq.augmented_star_gene_counts.tsv,de241e6043b73a7f78859994853a80b2
TCGA-44-6147,9a64a124-9787-4378-ba01-b79aa183f25f,9a5e0fa6-a785-4d8e-bca5-43e02a3965bf.rna_seq.augmented_star_gene_counts.tsv,01b80d4c9a15f3697ce563666de5de0a
TCGA-44-6148,4a5c811e-d5d9-48d7-9bcc-4c9dc72df8f4,3f79d678-e5d5-443e-a7df-187c2acd2b2c.rna_seq.augmented_star_gene_counts.tsv,7cc33c13fc325e3a285abb18745e5789
TCGA-44-6774,3cd897bd-893e-4497-b9a5-56141816cff4,525e9185-ed15-403d-8987-93c50e4b89a1.rna_seq.augmented_star_gene_counts.tsv,aa703e7d855ef6d30195b729cdd1abbe
TCGA-44-6775,bbea4239-0ce8-4540-8818-d73d076b3aa6,3369898e-21d8-4ded-8bbc-a746b1a743ad.rna_seq.augmented_star_gene_counts.tsv,de5312b418ee15ee4d2be3ef8a80236d
TCGA-44-6776,736227d9-3cee-40ed-bdec-0e88968ef179,7623e22f-3401-47b3-be94-23f5da20ee0d.rna_seq.augmented_star_gene_counts.tsv,f1a74a7251cb845a2daba64797c8aabc
TCGA-44-6777,5f4fa91b-489e-4ac9-b685-53952f77bd7a,0bb88c14-58c0-45d8-a8f3-f41840f62d37.rna_seq.augmented_star_gene_counts.tsv,610bf6cfc175ec826bc898feead50f01
TCGA-44-6778,c5a1245e-f3c5-4f42-afd6-9b12f01a6445,facd5609-e5f0-4993-bd84-049447d60d32.rna_seq.augmented_star_gene_counts.tsv,e70ea75b06ab27626863f5d4936813cf
TCGA-44-6779,254bed99-398d-4c34-a804-67516d257e70,c63de407-f025-4939-9633-6550724be88c.rna_seq.augmented_star_gene_counts.tsv,82f16f580abc01b23457c00bbcd85eb4
TCGA-44-7659,0737eb23-c066-4522-8f5c-dbb4b3b516b0,a0c9ebdf-951b-4d8d-aa79-3ff1c82342cd.rna_seq.augmented_star_gene_counts.tsv,344cd663e35a9e4746e58f3a92188710
TCGA-44-7660,d52fa71c-9f59-407e-8481-d0ac47ba88b2,4933c476-e3f3-45b0-b158-dcbe0539644e.rna_seq.augmented_star_gene_counts.tsv,98591d77bf99c7e5109d1cca4b929839
TCGA-44-7661,906a6a3f-91ce-4433-9a0d-e010a61782f0,f602ef77-0db5-47af-b259-e551c77a4281.rna_seq.augmented_star_gene_counts.tsv,741de299eaef98ea84c1e276703b1084
TCGA-44-7662,ea47f0f6-aad1-4149-afb6-2026f64935f5,dd20e202-a63c-4281-85c7-f16096212a91.rna_seq.augmented_star_gene_counts.tsv,80fe4f8352e37b4b8f763060df073772
TCGA-44-7667,89bf9c33-c1b4-4786-821f-802cf36eed43,2a53d9f7-430a-45c5-9171-8ee65dc560dd.rna_seq.augmented_star_gene_counts.tsv,e60e754c99194b675d97bbadf45cce3a
TCGA-44-7669,9ffe8343-d98f-4c5f-b29a-cbcbdac0c008,8536c3c1-1e75-4ebc-b792-30d7d228a117.rna_seq.augmented_star_gene_counts.tsv,c21ca32afb67a4dab1ec6d808c21afb9
TCGA-44-7670,c69e8ef1-57a7-439a-9b05-66f14b019322,be547f27-5157-4947-ad2a-c9d006dedabd.rna_seq.augmented_star_gene_counts.tsv,716af72b7c7e06d22067f087ffe74a60
TCGA-44-7671,1a4c524e-8e75-436e-8ccf-cce6ae3d6eb3,3b5d9bee-5e4f-4afc-b297-2f072ef18a93.rna_seq.augmented_star_gene_counts.tsv,de619dd185ce4019e4c472a26b761747
TCGA-44-7672,475fdbbb-3d3a-4d56-8d0e-34dfb8cb6346,5f74c5cb-1127-4a5c-975e-58e5abc4db03.rna_seq.augmented_star_gene_counts.tsv,a2401a616eb79a13863b6f1b63d0d7ed
TCGA-44-8119,e585878b-98af-4e3f-b03c-6b5a4e7a202c,45310b76-8ea1-4d13-9d9f-1f1d874e0285.rna_seq.augmented_star_gene_counts.tsv,09a0a192d9a96a3b004cb9d1c05aefb9
TCGA-44-A479,850bb68e-cea7-4d66-b044-24dbef74e255,d737cd97-619a-4fc3-9ae2-87e1f4b19beb.rna_seq.augmented_star_gene_counts.tsv,670bc0043db7dc4624db1eb7a3be77ab
TCGA-44-A47A,2bbe47a1-f055-43e7-94d3-06aafb5af6e8,4f8b284e-7e42-45c5-b7cc-57cc678ec3df.rna_seq.augmented_star_gene_counts.tsv,ff5dd71ceb95be5107ecbf1b2ef3f202
TCGA-44-A47B,ca34be5f-799c-4df4-af91-ec8a9e958d6c,fe770b01-42c9-48c6-97f8-09f18a374350.rna_seq.augmented_star_gene_counts.tsv,2dc56687d6d13017d3cf28b874be1c46
TCGA-44-A47G,38ec487d-0a4a-4287-9c14-4bfdb959b402,32675d71-6f79-4b8f-ab7c-e2350b15875c.rna_seq.augmented_star_gene_counts.tsv,27afb72bae1bc85f4df940514d7490d2
TCGA-44-A4SS,de18a680-86a5-4319-a332-42227d490aa5,61807b4d-bbab-4ea8-a904-35c562ec6c29.rna_seq.augmented_star_gene_counts.tsv,876fc21be1ad60c90aaf7d515972a3c2
TCGA-44-A4SU,5caf3127-967f-4d07-b49d-7126728e2048,1d7be20b-b4ca-47bb-9552-689f2e3ff0f7.rna_seq.augmented_star_gene_counts.tsv,40c6fe8905f979c9b4741b4ffa69cc6a
TCGA-49-4487,42be8d70-f8a0-49ea-94a9-58e320337843,eecb4e6b-6916-4673-815b-9a5366fe3a86.rna_seq.augmented_star_gene_counts.tsv,e22a268f8e146bfae970f289026d8f88
TCGA-49-4488,e824e07e-86cd-43eb-8f36-c60f36194f3c,bae79640-8273-42a2-913e-3d29e00ccc4f.rna_seq.augmented_star_gene_counts.tsv,6567d9cc847c7cf2e6109e47d0ef4b70
TCGA-49-4490,2f2cc9dc-1d0a-4302-b674-02d56c259ff3,8dc8ccd2-a842-4a48-a8db-007855733fc0.rna_seq.augmented_star_gene_counts.tsv,2f611c504c268ded62d5f6fb8ae9b629
TCGA-49-4494,3c0ce8a7-a730-4f1a-9e03-335b3e36849b,e2f47d3a-0e1a-47cb-a53f-697e2a3cb89b.rna_seq.augmented_star_gene_counts.tsv,809235e19457da6800281acc0056037e
TCGA-49-4501,8b55c916-963b-41d6-b7ce-7e8ccf958c80,72726dc4-fa08-4e34-9539-29ddb19dd782.rna_seq.augmented_star_gene_counts.tsv,a885ede54564e2291a817d02e8333ca6
TCGA-49-4505,b91d8293-6331-4f76-98f0-335ebce83539,330845b9-1d53-47af-8cb7-30ce5d30625d.rna_seq.augmented_star_gene_counts.tsv,5747ecf21d5548f4096ea86156030475
TCGA-49-4506,614afd6a-05ff-4914-896c-3ac4280e510d,7ec16b5a-7a86-4a22-9f1c-74d42ab1f43d.rna_seq.augmented_star_gene_counts.tsv,8ef2fa7352a300b991cc0f7e3a71c8e1
TCGA-49-4507,43b8c3f7-2d0b-4020-807d-b7386825ecc0,c6acc762-3909-4cc0-91c7-f66bc3f0e667.rna_seq.augmented_star_gene_counts.tsv,3a3f0631a5920fc99affb4599220c8ff
TCGA-49-4510,951f2356-17f4-4f4f-a8ec-855c7e93dce1,7eab2708-6708-4f8e-b238-e06007754e7e.rna_seq.augmented_star_gene_counts.tsv,9837dd0bdde68bbcbf072e4cc44d3532
TCGA-49-4512,e20ecad8-f22d-4e2d-99af-bc1be98c5128,085fd4df-27f7-4680-a0b5-8726f9eab370.rna_seq.augmented_star_gene_counts.tsv,132f5101f360a88ccfd95d9e99d7f3bb
TCGA-49-4514,85c794c1-3fd0-4a10-a613-9db7eff3c78f,2f03d42e-9735-4edb-87d9-ec443b7801a5.rna_seq.augmented_star_gene_counts.tsv,0cca0b7b820d604efba1b44160f95826
TCGA-49-6742,a03c9de0-7526-4942-8a7a-5fe03ea191f6,3ce23908-d2b9-42b0-a409-5fbd767496c2.rna_seq.augmented_star_gene_counts.tsv,733ac10a0be01831a6086753e86afd82
TCGA-49-6743,e9d3cac1-3a16-4e21-8fe8-a4944ce82cb8,e127acf3-0757-4f24-aff7-0fbe7283b9ed.rna_seq.augmented_star_gene_counts.tsv,170f3279dc7c199d7a65f88fac702997
TCGA-49-6744,1876b908-e911-464f-be23-2b4eae0a43b6,6efebff1-f165-415e-9001-45a782638785.rna_seq.augmented_star_gene_counts.tsv,69ab93a934179bda2077ed5915cc637a
TCGA-49-6745,9db8b103-5f3a-439b-993c-14879744c30a,7f9b4506-b00b-4b6f-8469-d0e4a73df1d4.rna_seq.augmented_star_gene_counts.tsv,ce4a992807ad6e324027faca1177ba8d
TCGA-49-6761,5b99d571-43d2-4d26-9a3b-0a299a0ce048,60cc41cd-a0af-4cad-a4be-253781e2f0b8.rna_seq.augmented_star_gene_counts.tsv,8b62fcc48ef1b4143da81fe3b74cf6dd
TCGA-49-6767,38cc1ced-6874-4aed-ab73-8c6344564cd6,d0f1d923-1014-4a12-824b-9939fd75f9b1.rna_seq.augmented_star_gene_counts.tsv,2989a65bbd9f6f15884be052ebdbf828
TCGA-49-AAQV,d05a80fc-d08a-47df-b7cd-0172b9977d46,38fbb0e8-cd18-425d-becf-791c8e8a8911.rna_seq.augmented_star_gene_counts.tsv,bf467fb87a0431608932b9b41be6d157
TCGA-49-AAR0,cc640c34-516e-4cd8-a32c-d6f9b856696d,57512aba-e397-4ab8-b1ed-de197e6f92fd.rna_seq.augmented_star_gene_counts.tsv,6e514737bc74c82deab0fc4b1d6649c5
TCGA-49-AAR3,842cb3d6-6ca5-4924-a7bb-98720352b548,0ba8665b-be52-4288-838a-8f5d189f809d.rna_seq.augmented_star_gene_counts.tsv,203bcd9ab4efdad03d8b9a84c5353a3c
TCGA-49-AAR4,3ceb828a-3612-46e8-89c5-397cb20e5356,f1eb1ef7-fe25-4dd8-abed-9d9c298d72fb.rna_seq.augmented_star_gene_counts.tsv,c2c75dc4e39ae5732e10b50ab93bfd61
TCGA-49-AAR9,1bcb7da3-a08e-4f9d-a960-fe7bdfe4222c,7edd63ce-c5bb-4209-b8c8-98af0fae03ed.rna_seq.augmented_star_gene_counts.tsv,be54ea976ef2973cbe4920dea64398de
TCGA-49-AARE,4089d037-ab25-47a6-be68-19742473cbc6,50c308c9-922a-4083-ae09-e5e4d8c437af.rna_seq.augmented_star_gene_counts.tsv,168c5577e8da0154d7e4a2d823f394c2
TCGA-49-AARN,119e7a6c-7fd1-4a2d-bfdc-35cb13d39414,6460f151-7102-476d-b03b-fb4ea776b1ea.rna_seq.augmented_star_gene_counts.tsv,a60197ff9046416f7a5a6834377e84d8
TCGA-49-AARO,3ca2ec6c-4134-4595-9c5e-68c886d3aa1c,f6108b9b-e02f-4608-bec3-bcc0112d05b4.rna_seq.augmented_star_gene_counts.tsv,8d70fb7de797f3f7d797203584e1d909
TCGA-49-AARQ,82a68e91-48cc-400b-8520-4abcbff1a163,03c7ece7-500d-4c38-a600-bd6863562bfd.rna_seq.augmented_star_gene_counts.tsv,d35499e9d55944014e6e01c72f049d36
TCGA-49-AARR,05fa4573-6ca5-40dc-a48b-ec847b7c58ad,58681163-9f9d-4f74-a1bb-3a4bcb4856d6.rna_seq.augmented_star_gene_counts.tsv,a36c04c9b3f5b2f14310a3920abe82f9
TCGA-4B-A93V,dcff773b-20f4-4c90-9a3f-78ef2e0f484e,3041806b-5855-4930-aeb8-a30472658d54.rna_seq.augmented_star_gene_counts.tsv,26c47e66aad388095d9f79563830c366
TCGA-50-5044,db61f20e-e44a-4992-a9f6-b54fc2dedfb6,e789fc5c-1218-4f07-ba95-b54d8fb93e7b.rna_seq.augmented_star_gene_counts.tsv,f3b18a5a98c462c45eddbf72e1fad7d5
TCGA-50-5045,e4bb1f41-bf42-43f3-aba5-98f3a02a7e03,aa2d6144-50d3-4096-9ecf-3cc0ceac7f41.rna_seq.augmented_star_gene_counts.tsv,c297cdc63b9bfaf4d020bd36773631ed
TCGA-50-5055,fdcad604-c1b4-40ff-a652-3c1e5fe5f9a1,2301103f-5cbe-4cb6-b5da-0b83b39e4616.rna_seq.augmented_star_gene_counts.tsv,b1e1c46c723cd8d97d6448d933348b53
TCGA-50-5068,6d4fc521-df92-4d04-8118-d363ac31bfa8,868157f2-85e5-462c-9994-1e50791ad2c0.rna_seq.augmented_star_gene_counts.tsv,85dec422ecf0bdf4dee8cea4f416ffca
TCGA-50-5931,69933ac8-e7a7-43b6-8231-2ecb35f88d52,c9d8385a-9f73-48f9-bca4-1c0647881bfd.rna_seq.augmented_star_gene_counts.tsv,8eafe6fede10733417326ed7b3e61f12
TCGA-50-5939,8148f34c-1ddd-454a-8761-8b76e97e8534,4a39a182-e583-4ff0-a8f0-f73b0f5c4f20.rna_seq.augmented_star_gene_counts.tsv,4b5d514b2aa04892b35a766af78e6ea7
TCGA-50-5942,361e4878-4535-499d-9987-7295a078bbee,ab0a7727-00ee-40fa-b5f5-a69234473e4a.rna_seq.augmented_star_gene_counts.tsv,fd1f51878ed84fdfd1735a05eaab6169
TCGA-50-6590,8e510682-b05c-4792-a149-d713db6d082d,fbb4d953-39c3-4e94-a99c-a8927421709e.rna_seq.augmented_star_gene_counts.tsv,d891688f21082475033c26e298d59b7c
TCGA-50-6591,41e96482-bc24-4a1a-8ef2-8ef4d525ad40,52e52b5d-4112-4616-8ddd-2a4524a91778.rna_seq.augmented_star_gene_counts.tsv,51fa05e5b8db6567c1f54ed18878ffd2
TCGA-50-6593,ce886e9b-2167-486f-8d8a-d4fec39d86c9,8a44c8a0-142b-48bb-9809-69914811bacc.rna_seq.augmented_star_gene_counts.tsv,f69b8a27e433a9bd6ea09a17037bf287
TCGA-50-6594,f7c8bdd7-48f6-4ecd-a4ae-78ffcb2fb28d,3e08ac76-9fba-40cf-8743-e2e1fb14f067.rna_seq.augmented_star_gene_counts.tsv,4cd0279e8685095a42f2428c471de77f
TCGA-50-6597,f6582ef5-5f6d-41d7-850a-614257c9e3b2,555b77b9-d686-4f0e-a099-25bd5715a5e9.rna_seq.augmented_star_gene_counts.tsv,5973bc51a6a328042482da09d2d9465d
TCGA-50-7109,e173308d-ac80-4c15-9b0e-e5cb09321a56,b99ff949-1922-4948-8d02-2ef2aa3dfb3b.rna_seq.augmented_star_gene_counts.tsv,125698e68f5d06c70df63593977e5607
TCGA-50-8457,12c95903-cae1-4f9f-97c7-05ab05f4fd7f,1205cc6a-c42f-44c8-bf1c-84ef49eaaee4.rna_seq.augmented_star_gene_counts.tsv,354d2e7bb6af24532f017206063239a9
TCGA-50-8459,cfac28bf-001d-4db8-942a-d244f93139a7,1aa0401e-b389-4852-87ef-e1ae357b76dc.rna_seq.augmented_star_gene_counts.tsv,e17d1cfcf70f857f065627ce9e07a143
TCGA-53-7624,1120d776-47df-4f72-862e-427d3c44dd43,ec99ae0d-704e-481d-bc90-7b553075a845.rna_seq.augmented_star_gene_counts.tsv,62306b327ba0a501e400fd14bf90b357
TCGA-53-7626,f8670621-43a9-491c-81b7-8999ca9975a7,9b4a912b-c42b-4a3a-8723-58b4dcb85949.rna_seq.augmented_star_gene_counts.tsv,7923c2b114babb1a7a4628121c3bb2ff
TCGA-53-7813,9835daf0-92cc-4237-838d-b122a15aa1f1,dad295e6-b4f8-4ad1-8439-acc3f903cfb0.rna_seq.augmented_star_gene_counts.tsv,ad4404bac2770b4fba3453695cc0b5b2
TCGA-53-A4EZ,360ebab8-859c-4286-b613-befa0fa306f0,ecef82f6-3009-4345-a56d-d028535d78fd.rna_seq.augmented_star_gene_counts.tsv,021cfd0b440d454b17b7b0d10c139349
TCGA-55-1592,b9ac77d6-9a1b-443d-8ef5-e8ef2e3008dd,6f6bf240-1ca4-47d0-9a77-17b0ce9b8ae7.rna_seq.augmented_star_gene_counts.tsv,11bcef36ba61bd2bf27d9c24b968c510
TCGA-55-1594,9ffe0bdc-838e-4715-8fd3-31f032c8f46e,96f7dff7-660b-4700-88b3-6479ad02f20c.rna_seq.augmented_star_gene_counts.tsv,5625ab3cfe5ea5e0552b8886e9377372
TCGA-55-1595,aabb1f03-8a4e-4d38-b09e-d9b56b5b921c,f8cc4515-2576-4a72-9cf1-28dfe774eda9.rna_seq.augmented_star_gene_counts.tsv,52fff028a9744532f9c134b9cc53037e
TCGA-55-1596,e6b0ab3e-2b95-4803-91f8-cfa385fe0386,921aa14f-d674-4ecf-b4fd-ca846acc9fa3.rna_seq.augmented_star_gene_counts.tsv,66d353dfbf558ff92bdf9613201a1dc2
TCGA-55-5899,7a3f27a9-476d-43e2-abb8-db402f80dfcf,9ba0ff4b-4276-45ee-a543-a2e837777923.rna_seq.augmented_star_gene_counts.tsv,766e34e9da73695da4e71aece82960fd
TCGA-55-6543,cb93a89c-f291-4042-a988-0fb1b392e4d7,4102816c-2ab8-4ecb-83b0-4f78c052bcd8.rna_seq.augmented_star_gene_counts.tsv,dedf19999ef78fc8c2c60e835ed0198b
TCGA-55-6642,40e350a6-fda3-43ff-9405-bda7a7c534ae,d7c787e0-6416-4724-8954-85467906f90d.rna_seq.augmented_star_gene_counts.tsv,07bcf9b9b19f06f02ae924c400f37152
TCGA-55-6712,dba9c344-546c-49db-91df-abd25ae4b0cc,91181a9c-3113-47b6-8d1c-8173f9eac675.rna_seq.augmented_star_gene_counts.tsv,1209dda28577eb250101332233853261
TCGA-55-6968,883bbed6-0216-48c2-9694-5dba83ce65c7,af407c3f-2dad-4fb9-850e-4a79b361589b.rna_seq.augmented_star_gene_counts.tsv,d19a4ab3b293c1bedf7ad79fd796dad1
TCGA-55-6969,45d4b468-9089-46fd-8b5e-ad80a5148abd,6e2e3178-73ad-4590-a56b-bb7fd9984acd.rna_seq.augmented_star_gene_counts.tsv,793334bac3ad933f56e75de2b5cccf81
TCGA-55-6970,9bf51961-c60a-43df-87eb-a64dae9e4e10,52beaa60-92f3-48cf-a695-78bb66ccd4f6.rna_seq.augmented_star_gene_counts.tsv,178a1bafa3baf212e8d0ac4e73c478ff
TCGA-55-6971,d72c21fe-ff33-4f1e-a138-420968f1daf4,89bcf4e2-f855-4035-bf0d-fe4917248223.rna_seq.augmented_star_gene_counts.tsv,172d4f3390be50f967ab76bd36e2f9bd
TCGA-55-6972,68b00cb6-4335-4c64-a3e0-0c29ed574480,5418228b-cfd0-4580-87c6-3ebf6282ad73.rna_seq.augmented_star_gene_counts.tsv,fbabeebae2266a15dd0d21fc71796c93
TCGA-55-6975,385d903b-bab4-4c2e-8334-3a304d1a56fa,f05d253b-7b64-4ecc-8249-55392326a91d.rna_seq.augmented_star_gene_counts.tsv,fc24531e9defdd925283193b80380612
TCGA-55-6978,deddc259-f962-468a-bfcf-60da1e695833,d34f0d3c-a058-4569-a8c8-380ada182e76.rna_seq.augmented_star_gene_counts.tsv,6af5bf4748e870fd24ec95a64192037d
TCGA-55-6979,765f26d4-120a-459d-90c7-74a8532b407c,fa7777c7-e04a-41db-9ade-0c875c62411f.rna_seq.augmented_star_gene_counts.tsv,6f458d0bdc6812915432f06e1019dd20
TCGA-55-6980,4b11527c-fb98-4ad4-aaac-6f0c6c1d185c,78e95f3e-1067-48a8-9429-dfdd6f587066.rna_seq.augmented_star_gene_counts.tsv,6d0cc74da5bd27143b1a5fce6fbeeee5
TCGA-55-6981,a777fb14-4498-4f32-bccb-1e8521567302,96780e00-b519-4bec-a49b-c2cc2d19a744.rna_seq.augmented_star_gene_counts.tsv,6d7026d174217106f4ba9a89afc59647
TCGA-55-6982,5c32fbb8-55ee-4bc9-a0db-d8ac0b04bdc4,4966ebc7-b3d5-49d1-885d-f6ae4a8781e6.rna_seq.augmented_star_gene_counts.tsv,c5144e55397649f3223f805b5d73d5d5
TCGA-55-6983,26c96b62-02b6-4108-9a2d-bec3d880db2a,b573a788-d117-48b0-9cab-c4ecbde82706.rna_seq.augmented_star_gene_counts.tsv,660142b9835fcffcba5185caba0fb9c0
TCGA-55-6984,09296d1f-9877-438d-96d8-7b4cc52940dd,49932944-ad54-4c6c-affc-08a4b76de933.rna_seq.augmented_star_gene_counts.tsv,d9a028d0e2e6a3aff7c833c7e73199be
TCGA-55-6985,40dba5d9-ce2e-483b-b4a7-19fbca8158e5,dc3ac0d3-d862-4761-ac12-60bb4d6758c1.rna_seq.augmented_star_gene_counts.tsv,9a694d0d5914d8e5193fd1f5f60ca4d8
TCGA-55-6986,ad6ae9d2-c6f5-4686-9b3c-45ea130493f3,2fde57cd-97d2-492d-b37d-a4e2d43239cf.rna_seq.augmented_star_gene_counts.tsv,526f83fd0fa0a2130fd04c8103af23f5
TCGA-55-6987,1860869f-ecb5-43ae-9714-328ff5748c2a,b57cc3e6-9017-48b7-9de9-74fe57d9bf6d.rna_seq.augmented_star_gene_counts.tsv,a515e535c4089d239c9ec3ab7b071b32
TCGA-55-7227,47fc2fd2-84ce-49e2-8481-407d7a639042,ef11ddff-02bb-44e2-ab77-fadde20acd87.rna_seq.augmented_star_gene_counts.tsv,f374fb2cc687a42ba2c41ee20ceb0684
TCGA-55-7281,7f67633b-3eba-4891-94aa-b3e38f6927ae,acbeca74-24ec-4e54-98e6-d3f59475dde9.rna_seq.augmented_star_gene_counts.tsv,68f224b4f8fa9a7750f70100bb534b5e
TCGA-55-7283,cce2b6af-bff9-4ad0-805d-b32aa6fae985,98a4b8cc-fd54-454c-adcd-6fe9ae159a3b.rna_seq.augmented_star_gene_counts.tsv,9085784f862f100407194d1c8cd177b9
TCGA-55-7284,75719c78-9935-40e0-bd30-1f8eec34badf,74aaf5e2-be23-49b1-b694-3a3dde306a5d.rna_seq.augmented_star_gene_counts.tsv,c92e56274fc2cad8f4eebcc650dfd214
TCGA-55-7570,334cc9fa-3e9b-4462-b84d-dc595e89d537,49acc5ad-6a61-41e1-9acb-4260e932a184.rna_seq.augmented_star_gene_counts.tsv,3f0751b58efdb8a96a158b5d8ae5b61a
TCGA-55-7573,4f00f94a-f0db-4840-a230-3bc9866bc184,ff298d6f-071c-417a-acbe-a9ff38494f87.rna_seq.augmented_star_gene_counts.tsv,b725ce882c43e0bec66f28de9986718c
TCGA-55-7574,d3986831-ba2a-4a25-8eb0-b074cbd7edac,e270dd9d-4a6b-40b3-823f-a46dd9493585.rna_seq.augmented_star_gene_counts.tsv,a7d4ccf095f534b06be42af704a95681
TCGA-55-7576,458042ad-bec8-4433-80da-70f517a440f7,25a6fe1b-0472-489f-a721-f596395badb1.rna_seq.augmented_star_gene_counts.tsv,bbedd91fbaa3ea10504bcfe4ae3b89dc
TCGA-55-7724,69e97c5b-4c8a-4710-a0f6-48ebfd917f5a,af276b15-2dc4-4724-bbf5-1be8224b7f73.rna_seq.augmented_star_gene_counts.tsv,a52ccf5219e9acd92ddebf65affe68e2
TCGA-55-7725,6ac6539b-76a3-4b1c-8da3-6d621308454a,f3d482bb-14e8-4569-bee4-22d7d2a027ea.rna_seq.augmented_star_gene_counts.tsv,6f7def999c58d9701e5fafea74cf01a4
TCGA-55-7726,9711a58c-08fc-428f-93a1-3d3db7df213e,74ab82a4-a55b-4e4c-b3f5-1f9317860914.rna_seq.augmented_star_gene_counts.tsv,a59dab2bd8d4e8abe3058feb9740fd75
TCGA-55-7727,3563bce2-6547-4081-883e-1e7e498c83be,59e8b7b7-5183-4655-aa5e-e4b5ba73eded.rna_seq.augmented_star_gene_counts.tsv,f31fdad9c9382c6c9983bfb59b11fb5e
TCGA-55-7728,a43e0f24-382c-431f-9bdb-94b3fa5c52a1,597af330-73d5-4905-803e-56d744ab723d.rna_seq.augmented_star_gene_counts.tsv,f098a29f5ad3a6da88dd05b9f1425632
TCGA-55-7815,5ecf82a3-8658-4a64-a14c-fc5d1d6f56f8,2172f060-6402-44dc-a918-2f9c15c21fa4.rna_seq.augmented_star_gene_counts.tsv,3fbe3820ba2a58b94cabf84d7191aaeb
TCGA-55-7816,215f38d1-a17c-4189-97f6-ae20361b0f3f,fdd9f9f1-8b02-4b83-a8f6-f28f968bdf54.rna_seq.augmented_star_gene_counts.tsv,84f21fd3f40729b3bd1f00daca2e8074
TCGA-55-7903,ae037177-0902-4c94-8e3c-632e240d3945,b71b334c-768e-46f6-bc7e-c95a11f44f03.rna_seq.augmented_star_gene_counts.tsv,4d981ef035274014c4677af0dac9d911
TCGA-55-7907,94d8b11e-0198-4f40-987a-44691b3b03fa,1efac920-fb46-4ac8-b8b1-d1f2743edefe.rna_seq.augmented_star_gene_counts.tsv,86cf9c580afa5f8a0e0898c02b70e087
TCGA-55-7910,b5b3c685-304f-4279-904a-c86c18f61576,f8a3b631-5140-45d0-8732-cb556d5f83b2.rna_seq.augmented_star_gene_counts.tsv,3a64a19aa379e81bd5c3bc4e64693b9b
TCGA-55-7911,eeacf4ac-09cf-41a8-8066-c38a173e61b4,73d96384-ebea-4467-8663-ada78336233c.rna_seq.augmented_star_gene_counts.tsv,2cc78fd591338744298101f62ddefcb9
TCGA-55-7913,a0fce6cc-a525-4970-82b7-8512bb0708b3,7d9c7c34-76e0-4622-b5f7-60e12f6d4e07.rna_seq.augmented_star_gene_counts.tsv,15cec03c65ac24e7da940cd4b9f99219
TCGA-55-7914,2e5071ce-d8cf-46e5-9cc0-91353f0d643c,22002e84-1d7a-4f93-9934-9d74f45195c0.rna_seq.augmented_star_gene_counts.tsv,c99f1da70059109c99a915d088f2db92
TCGA-55-7994,69a379e5-c8ba-43ed-b267-bad111c851fb,929a50ee-02a9-44f5-8078-e4020a89263f.rna_seq.augmented_star_gene_counts.tsv,4d87adab0256e62652f56526c1741c66
TCGA-55-7995,754343b4-f9f5-478a-a076-2791b8857c3e,8a6d64cc-3f03-4a5d-b6ce-83fa9c7f7d07.rna_seq.augmented_star_gene_counts.tsv,5af2aac801e2a7259b41ef4caca8fdac
TCGA-55-8085,74b6cce1-6a5b-4f86-8f41-d842106bfe8f,e48cabb8-73cd-4d42-81b0-f9ab7bebecc1.rna_seq.augmented_star_gene_counts.tsv,10a399584f292e29af3b0fce35b88872
TCGA-55-8087,a4c14abb-5b10-41df-9da5-39f1ee194b7c,404aadcc-cb30-4dba-b2b3-efd573cd9ffe.rna_seq.augmented_star_gene_counts.tsv,e9c7ce2f753e3178ca6b9eb11071d82c
TCGA-55-8089,8af996d7-2c5e-4d17-b1a5-8751f4784eba,14aca23b-01ce-4532-8f2f-3b22b05a4757.rna_seq.augmented_star_gene_counts.tsv,7166bdae4df12eeb3a95dacf75e4ad73
TCGA-55-8090,2f6e63bb-17bd-4b53-8666-45c7159aa1f4,25212f64-8017-4b93-b171-10a830558566.rna_seq.augmented_star_gene_counts.tsv,3021a5584b5e58dd72257014c2898f85
TCGA-55-8091,3e752bb7-c91d-46f8-ba39-a40e26357b4d,32dd8db9-1e43-497e-a35a-664d7d15ed60.rna_seq.augmented_star_gene_counts.tsv,ea16407248bc5498807d4a096f857771
TCGA-55-8092,133bfadb-ed2e-4b10-a5bf-46d31ade6dd4,d6662ab3-af1a-4e7e-a907-111e4241713b.rna_seq.augmented_star_gene_counts.tsv,4658c9ac1bc63d30ce4b7e5a7921f3c7
TCGA-55-8094,51ec5a15-11e8-435a-a3e0-2a99690309b9,7276835e-ce0e-4fc6-a329-27d936c136ba.rna_seq.augmented_star_gene_counts.tsv,8b759407788b4ee751e262bda55b4ef3
TCGA-55-8096,18be89fe-3383-45a2-9c0e-b1246e88c82d,77ca7978-5bc4-4264-8ca3-db132049c8a8.rna_seq.augmented_star_gene_counts.tsv,d70ff86e73201884a3de84fa2adfbdda
TCGA-55-8097,87b1a89f-591c-4d6b-929d-2eae2951740e,42ecec5f-f097-4d86-a9d9-cf0507b08c42.rna_seq.augmented_star_gene_counts.tsv,a6f75c1ad6217d7659b7b651205a9261
TCGA-55-8203,c96036a1-2f21-47fc-a5ea-54389bf26502,f07f72e3-8bd8-4a16-91b4-e4444c2745d9.rna_seq.augmented_star_gene_counts.tsv,7d821dc1a06dac4e96a7273f1036dc2d
TCGA-55-8204,76ac1fee-bf40-463f-a4d8-cb9affe0e7c5,7086e8ce-d1e5-4901-ac33-31c299f46356.rna_seq.augmented_star_gene_counts.tsv,e02c45cf2ed173e2a353fd83b6cea964
TCGA-55-8205,c79162f6-be6e-46b1-aca7-438423fed6c3,98f9eaa2-866f-4223-ad25-f93020214b4e.rna_seq.augmented_star_gene_counts.tsv,b9122a3fac42973365eb6bef6b19a98f
TCGA-55-8206,901c6ff1-19bf-48d8-894d-766f1995a916,aec36454-d9a1-4d51-90c6-561f219b6aee.rna_seq.augmented_star_gene_counts.tsv,cb207a8f7a526f6199dd3eb7218bcacd
TCGA-55-8207,7c802f6c-03bd-4612-835f-c82f6b8f2137,9f938aa7-9fc1-4893-aee4-15ab668b9260.rna_seq.augmented_star_gene_counts.tsv,14aaa84fb2138c7d738d057b693f80a9
TCGA-55-8208,87b32d0a-6e9c-466d-a563-688142d3df95,c45c7b03-a317-4dac-ba0f-19989348cae3.rna_seq.augmented_star_gene_counts.tsv,fff2a6655b234dfc7eee7fb4c1e625d3
TCGA-55-8301,5fa5664e-daf5-4082-8d39-703a5d650e43,a6caa89b-29fc-46cf-8d6b-a6c0241be6d7.rna_seq.augmented_star_gene_counts.tsv,1b8d306c7b79f00655a7ebd2517ef9a5
TCGA-55-8302,b5df8e57-5822-4192-a4a4-398d11e9d968,6b48d62b-0932-48df-9448-ae6dcb8853b2.rna_seq.augmented_star_gene_counts.tsv,3d1b590b2250f34bf59793fc302e218f
TCGA-55-8505,f8d97584-0c4f-4bb1-b4a7-77d87aabc852,268f14f5-e6f7-413a-90a6-20a205012246.rna_seq.augmented_star_gene_counts.tsv,5b34f264b48b5b934be5a50e1520121c
TCGA-55-8507,3976128b-36ba-4bf0-8121-867e89aba2c9,fec7a02d-1d67-412d-9d69-df7124864e7a.rna_seq.augmented_star_gene_counts.tsv,9fd77741af4d59ab2697eb01c9cf90d9
TCGA-55-8508,9f1c581d-42a9-4067-8b91-5d309457b5e8,aac03db2-1e90-4c0e-9094-4df06abeb84d.rna_seq.augmented_star_gene_counts.tsv,afec85b38f09563a0aca66cd9d133375
TCGA-55-8511,4b2e6f07-59e6-47c0-85ea-1e73f3354a01,27e24fc6-af40-4152-8424-a9d365c717d9.rna_seq.augmented_star_gene_counts.tsv,c0062d3812c06633f6f9b9372e354ce8
TCGA-55-8512,c7ee3fa6-4a2f-4824-a098-91ce6c1223c3,a4f3f3fa-b161-402b-bc1a-1dddd6be8097.rna_seq.augmented_star_gene_counts.tsv,a77292fecf469bc39181451fc11841d8
TCGA-55-8614,d2436cea-20c9-4c32-98d3-61eb445865be,56ba7921-5bee-4a1e-9fba-a78a034547a6.rna_seq.augmented_star_gene_counts.tsv,62d0d93247cfba62970644403835bb37
TCGA-55-8615,4c2a4d47-67dd-4c12-8f3b-1c55eb6fd00e,c6bf25d8-abea-411f-bb80-6e6fefb82757.rna_seq.augmented_star_gene_counts.tsv,f895fefd4930b04b87c8e4ea8b1c598a
TCGA-55-8616,927beddd-e0e7-4695-b744-79f27519389e,044b4834-bb51-40c8-8027-e5d752fa8787.rna_seq.augmented_star_gene_counts.tsv,1fe66fdefd31ec9515e8bd37a6087e25
TCGA-55-8620,0c212a58-9a27-4850-bb22-540502e893dc,57d89d75-a9bb-4bd3-af76-d29def9a9625.rna_seq.augmented_star_gene_counts.tsv,87a42acee64207ba01415d1af99e9b4b
TCGA-55-8621,8b26e78c-f162-48fc-8c1b-9628baa3ca62,b603c2a6-4366-415a-871e-5949a2a8a4b6.rna_seq.augmented_star_gene_counts.tsv,506c16c3914540043a5a84458df4cd36
TCGA-55-A48X,b06a3383-3a16-4f91-91c4-71cad60dae4b,897e33bc-3862-47bc-8277-a9b1b5371802.rna_seq.augmented_star_gene_counts.tsv,0ca130d5ecf485bfd517f70aa3326719
TCGA-55-A48Y,8d308359-6f2a-4c2a-a2e7-b1a3b8d79de9,4772e349-a753-4c41-9c48-ae3af0f58520.rna_seq.augmented_star_gene_counts.tsv,09a0040484a54a2677585e08ab623437
TCGA-55-A48Z,bae11f13-84a4-4fe3-b9e4-9d48b74896af,da046621-2982-42dc-b54d-6c875ecb5368.rna_seq.augmented_star_gene_counts.tsv,88a3c28c7d2701a31a9ae9f802e569d0
TCGA-55-A490,864c2830-c699-433c-bcba-20f0c692854a,aa764c7d-2e26-4e8c-94d3-870772bad93f.rna_seq.augmented_star_gene_counts.tsv,d1914be91865ed6be3de00fba503c10e
TCGA-55-A491,987832ae-aab4-430f-abc1-8783736fbe69,ed0926c8-6642-4741-9de6-e04014ba0364.rna_seq.augmented_star_gene_counts.tsv,9256869621404e0b417a632ed53adbf2
TCGA-55-A492,0ece8b9b-d1c3-4f03-b70d-6bc06c6f52ce,a585711d-48a4-45bd-bb45-f9d2a7717af0.rna_seq.augmented_star_gene_counts.tsv,25207b9becd97f541d1aff7d828905e3
TCGA-55-A494,4c37a5fe-812f-42ac-aa56-259b31df6894,482e60ad-222e-4ead-8a3c-a3b44e54aa5e.rna_seq.augmented_star_gene_counts.tsv,3cd3cfb8e558b5e2603b79c6f2b79bd1
TCGA-55-A4DF,023a34d9-c000-4053-b695-5b984b4a6fc1,06770623-6a10-4874-9eea-1497077f18ac.rna_seq.augmented_star_gene_counts.tsv,784ae5f0b02aa4f9f0abb26097e161d5
TCGA-55-A4DG,3baa9c28-dfb3-4ec3-9e3c-1d2f1421b00f,1a0143ed-cd70-498f-b094-bc71b6921fb3.rna_seq.augmented_star_gene_counts.tsv,1e1576c258b94934785329e302ce6a21
TCGA-62-A46O,63a884f4-0d20-4cb5-b485-72e066b6490f,d3ebb2ea-10db-4c29-8e7c-7c13b23b5b15.rna_seq.augmented_star_gene_counts.tsv,ed0423f0517fabc14c44cdcd125c1956
TCGA-62-A46P,0869efb9-b167-45af-8b2c-67433e39baad,ef19e097-8ae9-4362-b77a-76d8f5399760.rna_seq.augmented_star_gene_counts.tsv,1362b5ced69dd2236a7d183880851851
TCGA-62-A46R,12272d02-341e-43a2-aa23-7232a8dde730,d4db8bd3-6f2f-4c34-a4a7-1e23342e62b5.rna_seq.augmented_star_gene_counts.tsv,295046bc13ef8d662a8ff4de95d891a4
TCGA-62-A46S,85feefbe-6aad-430b-a882-c71e4a5d1e07,160dd8d4-3262-4789-bd92-d5470bc7d41b.rna_seq.augmented_star_gene_counts.tsv,46f6d40d38e0220b88ece7a6a1769424
TCGA-62-A46U,fb60fc57-836c-42e1-bc96-042b82d1a878,21eea21d-7db3-4f85-a9e4-72cbb562b5ed.rna_seq.augmented_star_gene_counts.tsv,39731a67ca0d8a74c19679a2772f008d
TCGA-62-A46V,fd52d8a9-e044-4f17-861a-9780752b20ee,1084d48c-88e8-4d67-9049-d0e4cd7f9535.rna_seq.augmented_star_gene_counts.tsv,be9025f55d1bd23e3ac1aa39b5066e11
TCGA-62-A470,51f545d2-3da2-46c1-9ed4-204133701dad,ebc79b86-12cb-4a5b-b0e4-4d1017ef22f4.rna_seq.augmented_star_gene_counts.tsv,4ec5b81c26d790a1025a3e2de08d3327
TCGA-62-A471,03680aea-84a2-4775-bb9c-24f8c5907247,0a4e0b83-7afa-475b-8586-e9e79e31d6d2.rna_seq.augmented_star_gene_counts.tsv,06d101f59bf8eae8dd11581cea5894b9
TCGA-62-A472,7666bfbe-6803-4b5d-b3b4-e9069fc4bea5,c18d9cb5-17ca-4c49-bd72-4b4c6184fba3.rna_seq.augmented_star_gene_counts.tsv,599701dbdeae7d240828cacbe37318a4
TCGA-64-1676,a62db40f-4e4f-496c-84ed-ab9500b89757,cd271741-c470-4f57-9873-635fef14f902.rna_seq.augmented_star_gene_counts.tsv,0181ebe0b8f91a84d55e9fdcc8a2448b
TCGA-64-1677,49453e81-56b8-43b7-b56f-6195038a1142,ed30ab10-5d65-4aeb-ba72-ec3e9b768cd3.rna_seq.augmented_star_gene_counts.tsv,48a773f9dc82c8e4558bd66038da6bea
TCGA-64-1678,82e982fc-138a-48f8-8127-fb20caa019a2,b1d9364c-d703-4884-b96d-20d8084040a8.rna_seq.augmented_star_gene_counts.tsv,54f1b9cb73ec7405a3d531defbada6b5
TCGA-64-1679,503df94c-0048-4f7b-b957-3f8304be73f0,7d46888b-282b-4f43-a09a-ff44bd1af110.rna_seq.augmented_star_gene_counts.tsv,ad0274a89cab084d126ea5c05a86f59c
TCGA-64-1680,505bfb1f-dc96-4f7e-ba2c-8e20eb0e1f6c,8b3aec43-4c75-4598-bf0a-168f7ffb9f3b.rna_seq.augmented_star_gene_counts.tsv,b2f63e2077860a37964300344dd3d23c
TCGA-64-1681,306febc7-f9b2-493a-9520-b9700d0f3e47,04c4affd-ca5d-4ea4-95d1-a6502e80d1af.rna_seq.augmented_star_gene_counts.tsv,2f1039985e94678936c051c4119da1cd
TCGA-64-5774,db9bab18-a465-445f-a4fd-dc90faa1da6d,5a335f07-9b07-46cf-8902-503b24f89bfa.rna_seq.augmented_star_gene_counts.tsv,0687e96c67caf44632fd921fad9f91a3
TCGA-64-5775,c140ee8e-c45f-47fb-b214-c3c8cdde972e,b5909b96-7ef6-497a-802e-11805dc7ded7.rna_seq.augmented_star_gene_counts.tsv,c8a1f9e2ec7fa72254b4a3d602c5e39f
TCGA-64-5778,cb061496-b611-48bb-9484-c6ca07f9951e,4b6faa2b-5b8d-4ee5-ac5d-aafa6d95327f.rna_seq.augmented_star_gene_counts.tsv,7a1e7f013be2ee8a3b3499df31923bd2
TCGA-64-5779,b817c1a8-7e62-423e-b7e0-eb9136fe0455,73559b1e-ad93-432f-a7bb-c3946d4120d4.rna_seq.augmented_star_gene_counts.tsv,d165dd36e556a7fcfb1c7748ca6e63de
TCGA-64-5781,dfc3bc40-b667-4f75-a932-4074c0b0c408,484f0a13-a636-484b-9880-5066955dee6e.rna_seq.augmented_star_gene_counts.tsv,e493bfaf02ca6ab9c2322feb873d9156
TCGA-64-5815,21285d92-3596-4a82-91ae-a99e22479a3c,4f721842-9460-4376-b577-59c3731f34a6.rna_seq.augmented_star_gene_counts.tsv,d8b5726161df406be7d7bce03f7051ff
TCGA-67-3770,67543f50-3821-4723-842d-3924b9a32142,1da64d9f-f5dd-4017-bf82-d1a61512b56b.rna_seq.augmented_star_gene_counts.tsv,0a7a8cd5f1ff8bb03146c36f27b55c39
TCGA-67-3771,29bb005f-53d0-44e6-8626-d6bbe0dba8be,d53203c7-5070-455b-aec3-ce01f32186de.rna_seq.augmented_star_gene_counts.tsv,6fb070522dad7bdec32689d09a192b0d
TCGA-67-3772,58b3d72d-6cff-4c5c-9317-13d88cd17b79,49ab8f1a-6252-47b0-9f16-63e065f33efd.rna_seq.augmented_star_gene_counts.tsv,d577430cc1b82504a921cbd36a0baa39
TCGA-67-3773,269a7c8d-f4d6-4f1a-a85b-874934f214b9,75eaaf2c-7cd9-416d-88c0-7c5502db9ab5.rna_seq.augmented_star_gene_counts.tsv,2fd721554185bc4cff98277c0b4138a5
TCGA-67-3774,d00354a6-0cdd-42c0-8d0c-1f87f4fdc843,ca927d21-e459-469e-9655-c214b34447f7.rna_seq.augmented_star_gene_counts.tsv,887b5dd39ebee8808caad2ea192d3516
TCGA-67-4679,77b2c8e8-d630-4b66-be6e-db594df4e0ec,fc4f0b8e-ced1-4543-a21d-3cbb2d269eb0.rna_seq.augmented_star_gene_counts.tsv,68a918ea345dbed817a274accc49bf8c
TCGA-67-6215,edfdd711-4764-43a7-9948-4320dc17b2b1,7a7440bf-1ca1-4c6b-80f8-7151a38e5d18.rna_seq.augmented_star_gene_counts.tsv,f162e413b4faf2d30348c355707d16e0
TCGA-67-6216,a5407526-9c45-427b-abcc-65d6e1f87158,c208cf0f-3922-4159-a7dd-76dccf9ff396.rna_seq.augmented_star_gene_counts.tsv,977894d85184f34de20c1e64f29b22d1
TCGA-67-6217,7a26df49-5d12-4dc2-b686-07e015a415b0,1e3d606d-e374-460c-a046-b6c98aa8256b.rna_seq.augmented_star_gene_counts.tsv,4227d00c4ec12db70520d68161741ce9
TCGA-69-7760,d21e7461-c76d-4ae7-be02-313c3c34118d,72fe0e80-b3e6-4249-8345-fb9ff8d2ca9b.rna_seq.augmented_star_gene_counts.tsv,69cae17d13ab5d42ff7c3c9c4e7383ac
TCGA-69-7761,36101746-9c10-478e-96fb-8b47d057a6d4,eaaacefc-a798-4b6e-8471-0fde96a80bb9.rna_seq.augmented_star_gene_counts.tsv,e442bf31d98890c4736b2d726f83931d
TCGA-69-7763,8a884668-03c2-44bb-8ea0-5b0d0bc68aa4,c8e5ea6c-c6b1-4807-8d9f-b2e96154a1eb.rna_seq.augmented_star_gene_counts.tsv,041a0de4e94a309df0391132ec129e3c
TCGA-69-7764,09f9f414-db5b-4b54-9e8e-234bf9d7c678,81a33f6c-0195-45c5-87e7-7748838d0a4e.rna_seq.augmented_star_gene_counts.tsv,fd359929e01900197b0e1d69a3a8e4ee
TCGA-69-7765,0905662e-ae14-4807-94ef-69db108fa2ee,e121b871-b177-47ef-a4f1-de73cb338519.rna_seq.augmented_star_gene_counts.tsv,4620c82ab3a9282afb23736a5cf2bedc
TCGA-69-7973,577f10d0-c9a2-47c3-aa2f-b1bd5bd86d90,3b21349a-ee41-45bf-87de-19b6cda494d5.rna_seq.augmented_star_gene_counts.tsv,0d57d3831709ab5d4813c95f6eaa641a
TCGA-69-7974,87d1edd3-df03-4046-a888-86baa85639b6,8ce815e6-3c63-4cbf-8480-4f07867f18da.rna_seq.augmented_star_gene_counts.tsv,872ff233eaee490ee0d78b06b3d83cb6
TCGA-69-7978,466db517-921b-47e8-b249-b4c9bd714bfd,28e5e6cc-60b0-4324-b05e-d05af474da90.rna_seq.augmented_star_gene_counts.tsv,d3b9fd17453841cff2554e66dc1a6776
TCGA-69-7979,668d7295-629a-496a-b525-b5b8157baf11,e25887be-64fe-4e7c-983b-4fbdec52c4b7.rna_seq.augmented_star_gene_counts.tsv,4d3665909fdb463d2fb915b38b7159fb
TCGA-69-7980,6feef177-114c-4285-b242-481fe0aea551,77322072-2a7f-49e6-a9d1-c521c25acd70.rna_seq.augmented_star_gene_counts.tsv,45b7be11c5973bc8825c17ba14a80053
TCGA-69-8253,15998b11-5041-4e2d-94d9-cf714c796c13,22d87348-bca7-4428-b8e2-2f161d77bcc5.rna_seq.augmented_star_gene_counts.tsv,3cdbc28b5bfcb065f57a3f4584ad6cec
TCGA-69-8254,e0ff7e04-078a-46a4-ac8c-8a287c1d608e,aa0b2722-97db-4b5a-9a56-213f63255097.rna_seq.augmented_star_gene_counts.tsv,a3021ebe129a6457c2e108905e0a5053
TCGA-69-8255,157223aa-aab5-4522-8ff2-8104ea3561d9,e40ae18a-9f57-4069-b99f-260c93b52e9f.rna_seq.augmented_star_gene_counts.tsv,11b684d65c727ce1b971cdf37acb6ad2
TCGA-69-8453,fe20855f-d3ce-4e02-b2dd-3df15eab44bf,564e41d6-f9a4-4a6b-bb97-f8e5423b84bd.rna_seq.augmented_star_gene_counts.tsv,aa92e0c44d12854b5d66c99265e33c77
TCGA-69-A59K,36432508-6673-489b-aefe-d172b83abac2,00fabec9-d311-4994-a7e5-eb91178d14f2.rna_seq.augmented_star_gene_counts.tsv,82f484e8d9f75930300dad5baa17f57a
TCGA-73-4658,c568fdc8-6942-44ff-a9d9-3f7a03fdc62a,367864dd-ccd2-473e-9661-6ff4342a4e64.rna_seq.augmented_star_gene_counts.tsv,a352405548831c550b90884f50402acc
TCGA-73-4659,6d0c282d-43d7-44fb-94e6-25771385e326,d4422306-b68c-4687-9131-02a60a2d4c42.rna_seq.augmented_star_gene_counts.tsv,552ee233c6cb65b341ebd50ae1236118
TCGA-73-4662,38bc7dc7-3a4f-4fd9-ad6d-306dc8a3b7f6,68f5d95d-e7ae-46d3-b836-e741fde98f23.rna_seq.augmented_star_gene_counts.tsv,cb204d655779e2c95f28f9c2cef06a67
TCGA-73-4666,7b3f1e0a-2d0a-40a6-9ccd-deb403fd2f16,743f08af-5537-4454-a219-18639e5127c6.rna_seq.augmented_star_gene_counts.tsv,aa82a61464747826f8e8281c7e2e988b
TCGA-73-4668,239d18cb-2886-48a0-9a3d-76558819dabd,764d71c7-f003-4cf6-851e-1587f12b4a69.rna_seq.augmented_star_gene_counts.tsv,3f42cf8368155d7d284313b44e60a1ba
TCGA-73-4670,f4288244-7a1c-4a61-98f6-6c1a06ccde2d,aea4fa60-a890-453e-8ba6-6f4f3d5ed084.rna_seq.augmented_star_gene_counts.tsv,463ccd6d41090c07ffbe931ff45cae5e
TCGA-73-4675,a60f0ff5-6f4c-43a1-8dda-10b882880bfc,c9494f0c-d6df-4dc9-a174-dfd53f121ee8.rna_seq.augmented_star_gene_counts.tsv,5d1111de1b542967a55a7b1c333573cf
TCGA-73-4676,4320b770-69f3-4dd2-afea-8b7f7cdf44c2,32e5ef2b-4387-4d2c-8e62-d18b5106414f.rna_seq.augmented_star_gene_counts.tsv,ea55d80feb430b5fd58948234d7927f4
TCGA-73-4677,efc4983d-f573-4996-bf5c-5aaa1aafd730,e38af20a-f4f2-40dc-82c0-69782f9192d7.rna_seq.augmented_star_gene_counts.tsv,90fb3e95ff4f98f566dc67ea2b9739ae
TCGA-73-7498,7181e057-0ec7-410b-b0fe-ff8de3d14d98,d1b10396-1656-4963-8fd0-7d7368c24dd2.rna_seq.augmented_star_gene_counts.tsv,cbdf59033666adb0a79bee58b2bd3809
TCGA-73-7499,cba15984-128b-4bd9-8202-14afbf1f74b2,9d305ba3-6558-42ed-959c-4182de1c8ebb.rna_seq.augmented_star_gene_counts.tsv,62f5ab5c4b55a76e11e55032369722bd
TCGA-73-A9RS,f7d58012-79f4-440f-add6-8a00728e96ba,3289364c-0dc2-43e8-bfe2-57d25e8612e5.rna_seq.augmented_star_gene_counts.tsv,bc165a01e3615b523c65885fb76a7ff8
TCGA-75-5125,f93cc1fb-b3d9-4b1e-94bf-54e40b505b34,bcb20e91-2931-4694-8268-686aee414fe7.rna_seq.augmented_star_gene_counts.tsv,6fc380e66aa8f4c63c400d4c8438214e
TCGA-75-5146,62cdda72-a90e-49e7-9423-24540d696049,ed4e21ee-1471-479e-af75-72c91986787a.rna_seq.augmented_star_gene_counts.tsv,dc44c4bafed2c3e608eb6cb78ec86701
TCGA-75-5147,a912206f-60e9-4564-9d84-db9c3ee75343,99c5c1c4-851a-42a4-b5a2-dd9da2959343.rna_seq.augmented_star_gene_counts.tsv,7e1f4be8d5e825666e9bd0339b72fdf5
TCGA-75-6206,9123a775-d686-49ab-90e7-0dc572c2fcaf,7643fc1a-086e-4ea5-9766-3dde13cc00b4.rna_seq.augmented_star_gene_counts.tsv,3877efe3d98308858856b402ea9bd066
TCGA-75-6212,bb5264e1-0dbf-4b28-9fbe-0a8602c13369,a787801a-cb3f-4a1f-b14c-ed8f2bfd6028.rna_seq.augmented_star_gene_counts.tsv,3de80aa07bf3010339966a38a78ba426
TCGA-75-6214,ef2621f5-ec61-42ee-879f-9d7615372a5e,73fc90cb-2b56-4a6b-8083-42f6647a2478.rna_seq.augmented_star_gene_counts.tsv,2c7c0763767cfe71f81fcd644e3f8c13
TCGA-75-7025,0766019a-c9b7-4224-973e-f1cfa16082ac,b6ddcda9-dad4-4e70-b12a-db197a496713.rna_seq.augmented_star_gene_counts.tsv,f58855fb039b29a30fc9310bbc29613a
TCGA-75-7027,b7b898c7-f63f-43d3-864a-406e842db2fe,cbfa6fea-3a77-4d0f-ab15-12307d08055a.rna_seq.augmented_star_gene_counts.tsv,db065f4243af7c973f5fc4a53541a61d
TCGA-78-7145,50966d1a-3934-4fb5-9fc4-71f399cf5105,db3c11b8-53c7-48f8-a16c-b86c1c7534b0.rna_seq.augmented_star_gene_counts.tsv,6aba7359e0888e296d8ec44b34741142
TCGA-78-7146,df03bdab-42a9-4467-a767-b584bb60e926,0a11e8dc-5d34-4fcb-b2dc-aa57b4e90fc9.rna_seq.augmented_star_gene_counts.tsv,e7d4985402dfcb4759d691ee846fb762
TCGA-78-7147,4dbd91d6-8d7b-4e6d-9dc1-3347c3f3996d,0f6c0159-7342-4519-83f5-52c2d457c4f8.rna_seq.augmented_star_gene_counts.tsv,2cb02fa475538bf79cc96205bab7d4b3
TCGA-78-7148,443ccb95-79d0-47ea-9915-18d5bc10eac4,ec3a68ca-1006-4f2f-95b5-74d506ceda86.rna_seq.augmented_star_gene_counts.tsv,ecb819733c70c92f3d0f2fded167360c
TCGA-78-7149,c2accf79-6461-4082-b201-c6f881dc6ea2,93f32fe3-cb5b-4910-bf06-e20c876cd8a5.rna_seq.augmented_star_gene_counts.tsv,578577b59eaa0ad09be187e2d01d1b96
TCGA-78-7150,8a518a19-2c85-42ec-b027-47139aa442d4,14e05372-1acb-4479-904b-ce8acef028eb.rna_seq.augmented_star_gene_counts.tsv,1b1c74710c48e56bab58f70be921efbd
TCGA-78-7152,bec02792-06e1-4789-871d-b5b4a5989786,76413057-e8a8-42b7-b545-897e3b32580d.rna_seq.augmented_star_gene_counts.tsv,6aa40de0b1e1feb49871e65fa303a09e
TCGA-78-7153,c2371da5-868b-4788-91ec-c9d4bd8d8085,9d2f9191-338e-49ea-a887-a808cdf2703f.rna_seq.augmented_star_gene_counts.tsv,70b4c9eb00cfeedca229e97fdc895442
TCGA-78-7154,6c66987a-38f6-4125-8ac1-aa55921fcc26,f77f77e1-073c-4f6a-bc48-1ba165ecc024.rna_seq.augmented_star_gene_counts.tsv,350a2f170bf1813048d9831ce0acb2d1
TCGA-78-7155,d7439e19-2ab4-4209-9628-16e6ae6bc11e,962d56c6-0e10-4b55-9c4d-dbb89c983d74.rna_seq.augmented_star_gene_counts.tsv,cfa36bedea4886b805883560fdff08ff
TCGA-78-7156,129f7ee5-6342-4a24-9317-d52462ce6a70,059b5dc1-45f7-4d7c-b07a-878b6db6d881.rna_seq.augmented_star_gene_counts.tsv,3d36ac641444458dae35b1bc7beed92e
TCGA-78-7158,1d7b2b60-11d7-4803-8c7f-45fc6ce45a25,ebf8d429-0437-4987-9bca-89e62910f168.rna_seq.augmented_star_gene_counts.tsv,46a9778d735f1b2ecce411b6ede1d919
TCGA-78-7159,e0d8cd2d-967f-4b04-afa9-3aca54bcaf5d,9f030a01-eef7-4885-8edc-316fe88860d7.rna_seq.augmented_star_gene_counts.tsv,4bd6afc44d7704a09c784d61eb8d0f3a
TCGA-78-7160,aaa72a07-5214-4145-9fb5-99c22b7c248a,f99ac82f-4fe6-4a9a-9d49-67c42cf66208.rna_seq.augmented_star_gene_counts.tsv,0b040ed97893575b9e567491d82824f5
TCGA-78-7161,a35c257e-f8b8-4d58-8ecb-92b1b0bc59f3,35fc369e-6f16-415b-badb-380eedb2157b.rna_seq.augmented_star_gene_counts.tsv,f56cc45eaf3ca0f661c6b19fc37bf103
TCGA-78-7163,669ce970-42a3-4797-bf9c-0de40a021bbf,0832f2ee-ad00-42c7-8cc3-9c63a7b5cea9.rna_seq.augmented_star_gene_counts.tsv,1a4b67cde878f37fe78ecb8d498135c5
TCGA-78-7166,41f852c7-01e8-46b3-8082-da2e00a4ef9d,673621c0-f5d4-4eea-a0ae-469214a70e82.rna_seq.augmented_star_gene_counts.tsv,24b4a006e54a552465c6e84865eefd9b
TCGA-78-7167,4bd86df0-6768-4741-8d01-51fe34dd57fd,bd1e3dcd-31c4-4f7f-8e99-9ad0d1050294.rna_seq.augmented_star_gene_counts.tsv,1e91674789dcd6a6bcc97d8171893ad9
TCGA-78-7220,1098101e-1770-4055-ae41-d6c15e1c7b90,19853c82-c205-4af9-badd-82946eec14ad.rna_seq.augmented_star_gene_counts.tsv,53c7ca5b2ef9c8078a6174b9d92e48de
TCGA-78-7535,ad636e79-be59-4821-8303-7d2e7389b22f,6545e778-687c-4b82-b6b6-b5d438879069.rna_seq.augmented_star_gene_counts.tsv,9224887fc22623d57544ed20ebfdd384
TCGA-78-7536,7cf36ebf-b16e-49ac-bcc4-b127b1f2a3da,3dde8e24-6a2b-49ab-b4df-c058f18a3851.rna_seq.augmented_star_gene_counts.tsv,589cd84827918fc45ee16368ada13790
TCGA-78-7537,25857230-7253-4929-a790-90815194b213,b6e9752c-ad52-457d-a37c-78ffb7ddc520.rna_seq.augmented_star_gene_counts.tsv,a4f53cf3e7f9f8af8b7f339c48a83732
TCGA-78-7539,27884724-a2c0-4b3e-921a-54e5f8bf1faa,59578e5d-b76f-46eb-b5d9-7c90b8a9dbe4.rna_seq.augmented_star_gene_counts.tsv,a1a6000c45577f0663c459d0900d088f
TCGA-78-7540,477d7181-e081-4577-ac06-e508b1239989,3d006e45-8ebf-4ba1-b003-13b711c0d0ee.rna_seq.augmented_star_gene_counts.tsv,b4220339c29454ed50944a54145dda85
TCGA-78-7542,72d9c332-92e3-4f9c-899d-1de9969b1bd6,6667948a-1834-4572-a1b3-3bc9096650e8.rna_seq.augmented_star_gene_counts.tsv,bcfe7738574088400654ae1e2e320592
TCGA-78-7633,0f01f50f-495a-455d-986d-28c65e345a80,06c83065-5800-451a-84a7-7a7f352493ec.rna_seq.augmented_star_gene_counts.tsv,cbd8ecfb77292db5806d978fdb5b45a5
TCGA-78-8640,169b5555-f64c-4bbd-9c07-af0c42ddb6aa,da145aec-4391-4fce-b5d0-bf91065b765e.rna_seq.augmented_star_gene_counts.tsv,df198d1635dcb38030f79a8494a55063
TCGA-78-8648,ab3c7d7c-7ad0-4f26-9991-ddd288598936,5d843590-36a7-4568-88a4-2bc09e14927f.rna_seq.augmented_star_gene_counts.tsv,e2a5a342800957b223e29d242646d961
TCGA-78-8655,9940e2a8-6a68-4482-a1bc-2a6edb7d52cd,bc8b6dee-0f79-492f-85e1-c1a09d6f9680.rna_seq.augmented_star_gene_counts.tsv,adc6e0a31776c8970551d88894e45b24
TCGA-78-8660,c97d6c2a-9866-4893-8cff-ee747c4a4550,2f8abb88-ae9f-4315-bcad-4263862bd11b.rna_seq.augmented_star_gene_counts.tsv,50284d5270fbfe9576deaaedefa3337f
TCGA-78-8662,06a639d9-ade5-4cbb-91b0-a41449ce4f49,6531e137-3d23-44e7-af10-51e9cc517192.rna_seq.augmented_star_gene_counts.tsv,eadaedb72fe4b6116412cf13b59f5c1c
TCGA-80-5608,5695292b-7c39-4ee6-94e8-987f4a456635,3b286ed4-51bd-4a1e-9eab-b0ee9adf3b72.rna_seq.augmented_star_gene_counts.tsv,1c378789bdaa82ddb2d37b1f4e616d82
TCGA-80-5611,1d8df3eb-b059-47f7-b3fa-f4eb3f568423,d5388d2a-976f-4f08-80c2-14bbf4ccc753.rna_seq.augmented_star_gene_counts.tsv,c78bc982a993f9721ec0c36af5bcf7fe
TCGA-83-5908,de0b900f-151a-4173-a070-3ec31ec05aed,62b8c824-3e80-4341-bfee-78d04be904c9.rna_seq.augmented_star_gene_counts.tsv,67bbea179ba2c0e1c662c82d3ad0d89c
TCGA-86-6562,a135a2b4-bc6a-4dd6-baa9-f08ab2d4971a,c41a2347-8277-494e-90c6-f1918223388b.rna_seq.augmented_star_gene_counts.tsv,bbe8127b4e50e5b09375051038cfef2e
TCGA-86-6851,24fa0c9f-c679-486d-846a-66fbc8d30b0a,32248a54-89ad-43a3-aa20-1c1897cb0054.rna_seq.augmented_star_gene_counts.tsv,01bfbc4564724c456574a17a4da19615
TCGA-86-7701,66e79734-9053-4f61-9a32-bee376f5dab0,a4a57e8f-cf4f-4322-b7fe-2336a58cd50f.rna_seq.augmented_star_gene_counts.tsv,5af58684e4d41816a94ab46ae66f85ca
TCGA-86-7711,8b071bf3-0d85-4aba-aa46-d0800dcc8640,65a2c4cf-7c84-4ca8-a37e-8deecb6ef026.rna_seq.augmented_star_gene_counts.tsv,4403164f6654829b70446beb576b2fda
TCGA-86-7713,db0caa6a-e863-4dad-a911-0c69127be9df,55071ef3-bf09-43a2-a54c-a9ec61a84615.rna_seq.augmented_star_gene_counts.tsv,1205cb7b4e1f0da5eb3547caf95c3e83
TCGA-86-7714,4f59681b-3811-4569-aa50-ed031f7e370a,afccc865-1d58-475d-b85c-0d7eca330b0e.rna_seq.augmented_star_gene_counts.tsv,394fd5a624e37263b39a63413b9e5442
TCGA-86-7953,8be349eb-2407-4f51-809a-ceb5542e0cf1,256e320c-e4de-4918-b3bc-b71657bfd4cc.rna_seq.augmented_star_gene_counts.tsv,77a79da00de4bb1ffffe7d9e42395594
TCGA-86-7954,cb59cd67-2756-45e1-80c7-67ad6d6823d4,d0966b4b-6c70-41f6-a220-4bf8be955366.rna_seq.augmented_star_gene_counts.tsv,c0aee93101616db06b16450401fb1616
TCGA-86-7955,97541ffe-94e7-4130-9bac-65528de8d6f5,c4115468-0566-49e2-a86f-9c7faf6388f5.rna_seq.augmented_star_gene_counts.tsv,045d74c1879f0e7d28551f80a97be495
TCGA-86-8054,51c0568a-3e54-42a0-b805-0a90905cc865,b8ae4b22-83b8-4cbf-9d3c-49092b7e0903.rna_seq.augmented_star_gene_counts.tsv,f09d3d552cccd909ac125dafe5b52032
TCGA-86-8055,9bdba133-a1e0-4482-add2-af6493ebdbe5,efd3731a-0788-41e9-a985-0c3d400d7db3.rna_seq.augmented_star_gene_counts.tsv,b52cccec81de7f9317435955cb308ae1
TCGA-86-8056,990303de-eff3-4418-b305-9bf63236826f,593623b6-0f7d-4089-8697-518c573c86c6.rna_seq.augmented_star_gene_counts.tsv,c916a952c9cf5f9fa90707190b35eaf3
TCGA-86-8073,08d83462-5fcb-40c6-9d44-dbc42faa4df6,087c2c93-d071-41e1-a2e8-a1961ba54a86.rna_seq.augmented_star_gene_counts.tsv,7e0d04eb337f163632590bbd665fabaf
TCGA-86-8075,51054c11-8e2f-4f52-bdaf-ebb515508a28,5158a031-b856-4423-9418-031b3107e88f.rna_seq.augmented_star_gene_counts.tsv,b1ff3cf25bf73c2cdbda898c85e37778
TCGA-86-8076,dd6ec250-8d4d-4129-9664-7451c1760f4b,34774d7b-1184-4b5f-b6a9-e16c428ca7ce.rna_seq.augmented_star_gene_counts.tsv,8505bede89020ffab8d5e66975dec03a
TCGA-86-8278,4b98f37e-33fc-4bf0-b6cd-4c900bcc9d2a,925a2268-1a0a-402b-8bb1-e6fa32521afe.rna_seq.augmented_star_gene_counts.tsv,d0cb9fbf2c1f7bcd989ff9d52c6fecd6
TCGA-86-8279,5dd8168d-fe35-4a32-8520-1deaef953b10,53244201-6282-42ea-9da4-31524ca39bf8.rna_seq.augmented_star_gene_counts.tsv,25e705bada4449307884203cd694067f
TCGA-86-8280,afa5c7c4-02f8-4417-873c-378937f5fbbb,9aa5eb7d-1d54-47f6-aeeb-59be4880f004.rna_seq.augmented_star_gene_counts.tsv,140ea4447340fa927763cbdbb19294c3
TCGA-86-8358,5ecec8fc-845f-43cf-82c3-73dea85cc53c,461cd8f2-fe53-448d-b6a9-0a95792464c7.rna_seq.augmented_star_gene_counts.tsv,c6db66bee178f64bc449e8cb0e0eb01b
TCGA-86-8359,bae501f3-c0ba-4646-8027-0623869176f4,c6fcbf56-bc49-43eb-981a-ef032465a7ce.rna_seq.augmented_star_gene_counts.tsv,c86025add8ba385b1c7ff06a77deb2f8
TCGA-86-8585,71ac888b-0acc-4cfd-a21a-4c9ff8d06bf9,bd84bab3-4614-4806-bfd1-dab3fca9d6fa.rna_seq.augmented_star_gene_counts.tsv,df571b77146fc739adb1b5b1878a9bdb
TCGA-86-8668,7f9624e7-0e7b-4a2b-8413-1737f0f7c1d0,8e1fcc77-bf23-42e4-949f-d429f7211dd6.rna_seq.augmented_star_gene_counts.tsv,29785b75fe3e6352aecc7a29fd84be79
TCGA-86-8669,508c6166-6095-4133-a42a-79d75b0c0e31,eda17fff-892d-440a-af83-b353ea60c478.rna_seq.augmented_star_gene_counts.tsv,948c8e8fd151abfdd683c0e7ea11fc89
TCGA-86-8671,58390e08-43b2-4517-b57c-ff899594e55a,80416b83-9ea2-4d33-8ba4-1fe9330d51f2.rna_seq.augmented_star_gene_counts.tsv,d44b998211ce7aeb8fcf1125605ec9e1
TCGA-86-8673,ece9f585-2710-4e10-b292-c5fbf588eda9,79e12f4d-94d7-45f8-b251-6b0fcbb6b885.rna_seq.augmented_star_gene_counts.tsv,0439fc52e9a319d25dc61451101f655b
TCGA-86-8674,3604ee2d-3fdc-40fa-95ab-a3f420334ac5,7ecd6087-9663-4d9d-828d-d9e9b5241c3c.rna_seq.augmented_star_gene_counts.tsv,e54ee6eb012e144e17a1dc46f773e1dd
TCGA-86-A456,52d91ece-345c-4c5d-800a-121955b93c66,91e79d93-01a8-4908-805a-12678d68a543.rna_seq.augmented_star_gene_counts.tsv,37abd7a06ebbf7e3fc3457af2eecbe5c
TCGA-86-A4D0,15a57d06-841c-473e-b89e-389f1df3504a,c812eb06-bd41-4919-8f6d-9ade00654a4c.rna_seq.augmented_star_gene_counts.tsv,321369cd62597fdbf015bbb7256a58f1
TCGA-86-A4P8,1c5de7db-7e05-4289-ace6-b59b6e2392e7,e0e9a0df-7052-4d42-b3fd-10ee23ceae62.rna_seq.augmented_star_gene_counts.tsv,d1837ef5ddfec327343cc413cc69aa86
TCGA-91-A4BC,32876f27-f304-4be0-8881-f9842a9fbb67,e8ea2e59-65dc-49c9-b6f3-b9335185390d.rna_seq.augmented_star_gene_counts.tsv,34c30f39f393a6132d290119e8b092cd
TCGA-91-A4BD,1529d8e6-10d2-4e7c-bfb1-66820434c835,40386f32-719d-480f-9ba7-57e1eea23b30.rna_seq.augmented_star_gene_counts.tsv,017185517e6f67b97f45eb2f0df21e2e
TCGA-93-7347,45fe5e83-1e4a-4e0a-ac03-62ef32a90e77,6b51d2ce-51ed-4b34-890d-9f83d363118c.rna_seq.augmented_star_gene_counts.tsv,31eeb6845913da77fef24ca097fc7eee
TCGA-93-7348,bfecde55-3ed3-4977-899b-d7c22b6df15b,b7f9da49-2a09-4f32-af6c-980ccf75250b.rna_seq.augmented_star_gene_counts.tsv,239eea2e924502ba36ce92b9e8d0a04b
TCGA-93-A4JN,1aff8a31-97b2-4bde-ac5a-f3a958bf74dc,068ba2ae-288c-446d-8d17-72445ce4f788.rna_seq.augmented_star_gene_counts.tsv,982bd67720ebee06f2f617268a1109e6
TCGA-93-A4JO,2ab0f01f-2f66-4489-9de7-2a0d61b6ea04,4822db97-46d7-4302-bef9-63086b777e9c.rna_seq.augmented_star_gene_counts.tsv,6ce1dc70e3830a2b4dd0ad2a6c0b55ed
TCGA-93-A4JQ,44d8e988-1a2b-4588-a64a-cf5a6c164e03,71809317-f775-4faa-b1c6-40bae85c69aa.rna_seq.augmented_star_gene_counts.tsv,e64e8b3dc34a42bcb1239702ab82508f
TCGA-95-7039,8fadb6d4-de92-4301-9b6e-7dd857fec978,e9efd91b-8824-456b-b650-1d0287efbbe8.rna_seq.augmented_star_gene_counts.tsv,bbbc217a5b46b7d27f4f894e02f09994
TCGA-95-7043,d3f1b81f-37ce-47b6-b98d-8530076007c7,d067f93b-7182-4a34-ba8e-be73589b7420.rna_seq.augmented_star_gene_counts.tsv,0384bee9b454152ea2204060a5fcb6a9
TCGA-95-7562,d2000aa0-a3c5-4155-8995-80ec5f4436e2,020a2284-03f3-4439-89bb-2292ebc3ecd2.rna_seq.augmented_star_gene_counts.tsv,cf29acfeda74cebe6a90cfb1437efcab
TCGA-95-7567,b5b25f89-cd67-44e5-89bd-be2bc1def4d8,4ad05e6b-e3d8-4048-8f61-1e79e421de0b.rna_seq.augmented_star_gene_counts.tsv,412b3360f6579bd180f830e50bd0e4f2
TCGA-95-7944,a14f02d4-6d07-409d-af7a-5d5f23640ad6,56081bb7-480c-446f-9e21-41627df3b569.rna_seq.augmented_star_gene_counts.tsv,2e1a8ae5832ddda9dbc8ed7f12addd27
TCGA-95-7947,8a898b7d-6f1b-4d2a-9f5d-0751ced1d7bf,da3718fb-d874-4469-a3fe-6ba6fa89676b.rna_seq.augmented_star_gene_counts.tsv,85f974d8960b4355be1844545895f0a3
TCGA-95-7948,218eb2f2-24b1-4e41-9071-26ed97a2edc1,5eef868d-7c7f-42e8-aabf-ce3f75405c7a.rna_seq.augmented_star_gene_counts.tsv,df3f48d8f8402b70c03f22efc30844dc
TCGA-95-8039,030d778f-ecb4-44eb-8baa-4286e18c9fdd,84595c09-6f85-4a1d-98fa-7d9bc9dc2c28.rna_seq.augmented_star_gene_counts.tsv,6426942030ce73573fdeeee6177bf117
TCGA-95-8494,b7006975-82c2-4fcc-855d-5ef024ef3d4f,b70dcd97-e1e4-417c-a05f-b37acdde6684.rna_seq.augmented_star_gene_counts.tsv,1fce4e7138b85e38aa13710c8e01bc00
TCGA-95-A4VK,b6c69243-9731-4578-b037-ac997cbdc7dc,2306a9ab-37ae-4dfd-b992-4f62022c3d4c.rna_seq.augmented_star_gene_counts.tsv,b50857213b4d430cfd349ff5b717b473
TCGA-95-A4VN,d84121c5-5421-43a4-825a-40f357ecc97b,2b99d8d7-f329-4fe6-97b5-167953311755.rna_seq.augmented_star_gene_counts.tsv,c97bfcd9f0bf53810f280aa331cf062b
TCGA-95-A4VP,a5e1a78c-7e7a-41e8-8c45-872028f6b5a0,f3df8eaf-1fd2-4e08-ad48-ce5aa1d64e19.rna_seq.augmented_star_gene_counts.tsv,8c4001334cd5c6c75047c18a58a1d81a
TCGA-97-7546,6bec00ac-81d0-4f29-bb4d-99102992914c,0326e97a-2ec7-4038-98f3-03d94962d869.rna_seq.augmented_star_gene_counts.tsv,a733db7feddb683bbf4ce002ae40c570
TCGA-97-7547,7f70c9bb-a18a-45e8-8177-34145a6c0dc9,20cddb4c-1ad4-4f0e-bd5e-3071f573b2d0.rna_seq.augmented_star_gene_counts.tsv,e7512faf47de2531589223ea5ed87cb7
TCGA-97-7552,932ccb56-ad41-40a0-9ab3-21f490c60af5,a7c58df0-fffc-4a80-85c4-2dab24b2edc2.rna_seq.augmented_star_gene_counts.tsv,e37b951d9ce5c8bee53247c5f4d80955
TCGA-97-7553,8a2d17e2-4ec1-42b6-8825-6d80ffe4b916,c55c7a04-580b-43e3-b138-f83bd3003875.rna_seq.augmented_star_gene_counts.tsv,3ae4db513b7145d279c112ff61e2b892
TCGA-97-7554,f19a1a66-ddc9-4567-80db-d009bb455b25,aa305f5b-4c1d-4bc7-81d5-b2b999b327af.rna_seq.augmented_star_gene_counts.tsv,e0a0a3d05dc990239425b5fe3b6785f1
TCGA-97-7937,6508912f-5f91-43e6-8e63-9233bf3e81eb,d1eba37d-0b00-47f4-a7c8-d2e80ec3e27b.rna_seq.augmented_star_gene_counts.tsv,454d329deb52bdfe0de142d001cec544
TCGA-97-7941,d4eb86d5-1952-449c-a5d7-20ccc04f0d07,56c858be-3637-4ba0-81be-208a3edac992.rna_seq.augmented_star_gene_counts.tsv,09fa4e80ada213d9fb4f10000bc78083
TCGA-97-8171,de38d138-723c-4256-98f4-2788f7cf1e87,98f4637a-4953-4f52-b90a-c768d005a3e7.rna_seq.augmented_star_gene_counts.tsv,23ea2782b589de813060a48515ca3d5a
TCGA-97-8172,942673a7-5072-466f-985c-42d38aeb5c2c,145db6c5-f7ad-4e2f-88f1-d68bc457848a.rna_seq.augmented_star_gene_counts.tsv,510c95ee4efb8e39011f66d20495ded5
TCGA-97-8175,6525f4e0-ba79-4576-89b3-df0ab6e45309,a5f6ddd7-f795-4920-b714-ed86942953e3.rna_seq.augmented_star_gene_counts.tsv,6a687e24eaaf5e56dec613cc190c04be
TCGA-97-8177,0e6fc8f1-34ca-4f3b-9d71-5a867e5efb07,4b6c958a-7e20-4b88-b30a-2406b123c8c1.rna_seq.augmented_star_gene_counts.tsv,022f28a4f04b559648f8f5f06bc13c55
TCGA-97-8179,2e2eb2df-d002-49ac-86e7-5ed33e9eabf3,131c0149-e810-4004-97e0-6c8a4aa9049d.rna_seq.augmented_star_gene_counts.tsv,c9ad67e843621907d9ad9c8db7cebbc7
TCGA-97-8552,63f5b69e-2307-4be6-98e4-b0f57b6394d0,c8bfb715-4c7a-4e3e-baa2-bc842d80654b.rna_seq.augmented_star_gene_counts.tsv,b313bb91df790ee85c2b40fa2b28fc1b
TCGA-97-A4LX,0f37f5ba-3582-4c61-8c70-bf9b0ede6e71,2276a330-e86b-46e1-be45-ae41d217ef66.rna_seq.augmented_star_gene_counts.tsv,a9560eb9da63cad136a7c1a21a3a743d
TCGA-97-A4M0,4e27513c-172b-4d19-a397-ade6df353e6c,20ecdb2d-16ad-437b-ac0e-b84339c769a6.rna_seq.augmented_star_gene_counts.tsv,5db0662ae2c4c127c8f9d98337541c17
TCGA-97-A4M1,b53ceb0c-a338-46e2-a0e6-224dec5ea807,05ca3ffd-a4d9-4667-80e2-d15125e88f7c.rna_seq.augmented_star_gene_counts.tsv,69d2dbba24a9e6dcd8d1a224289dc053
TCGA-97-A4M2,270a13b3-158c-4251-8c6a-5bc5275e0ebb,8da65700-04c7-444d-826e-ec2e692b257b.rna_seq.augmented_star_gene_counts.tsv,f8a4993be2110f354fde8c4ce7919eb1
TCGA-97-A4M3,92b4ef29-b45a-4ec4-9251-8d6fb32cde90,fddbde25-7d5c-496f-8f62-985dbda7e0fe.rna_seq.augmented_star_gene_counts.tsv,0a3deb502b834cbbf47befc5c9771035
TCGA-97-A4M5,f90939c7-6e24-4aa5-8c34-c1fc1b79e485,07c5dadf-e801-4c1f-9109-7a2495407c75.rna_seq.augmented_star_gene_counts.tsv,e1c6b552afd94863fc737dc4c5856637
TCGA-97-A4M6,975121d2-ba5d-4b2c-bd50-278311c7144a,143cbdd4-689e-4ba9-b0ad-069629dc7dfa.rna_seq.augmented_star_gene_counts.tsv,183d0ae0ff94b26d27b2579096f3a782
TCGA-97-A4M7,656fd74d-49d8-40a5-8eb9-dac0fbe4ea2d,131b98d5-aaf4-4a6c-bb96-c33895cd814a.rna_seq.augmented_star_gene_counts.tsv,09aa4903a42a22afa8ffbef01f6e7014
TCGA-99-7458,9f0a9ce9-6258-4a82-84c1-dc017a7eb760,129a4f1c-81ee-4ebb-8c97-0a60fcc114d6.rna_seq.augmented_star_gene_counts.tsv,734863b21c2394f695dd66446c1ff58b
TCGA-99-8025,515aa64c-316b-497e-b877-7ab0c89a58bd,36f81494-52c4-49db-9dba-26a0c2de2e8e.rna_seq.augmented_star_gene_counts.tsv,3e6860b24df016fc9c652bfffa8cebed
TCGA-99-8028,490ee22a-f171-4f7f-9d49-835afe7388c1,5241ced4-4a72-40dc-9698-a647fb6d03a4.rna_seq.augmented_star_gene_counts.tsv,d8ed276fbb9f4e5a0dc8f22de2db5dbd
TCGA-99-8032,e98c7df6-1a65-41a0-9182-c752c89eafc7,01ebdef8-920f-4b71-8b44-512598962d6b.rna_seq.augmented_star_gene_counts.tsv,ce69c10f5a07fcfa46a19656605b17e4
TCGA-99-8033,22cae278-eb88-4685-9ff7-667e53b50a34,e0dabde8-1dd8-4aa6-9f23-51dc22fc2cae.rna_seq.augmented_star_gene_counts.tsv,27dc15ea77c9cb87d973c3011e549d6b
TCGA-99-AA5R,30e51b69-6778-4125-bb18-86694d42a6e9,8bd7c2cf-7960-46ca-9373-1c19557dd0aa.rna_seq.augmented_star_gene_counts.tsv,f342cff10b7d2c71e57a90c5a91855f9
TCGA-J2-8192,19bb0296-340e-4594-9a87-4134b15c7187,12da2172-3304-4dad-bd80-3039e6d49de3.rna_seq.augmented_star_gene_counts.tsv,dce3133c7cd7dfbc744622005b96324f
TCGA-J2-8194,d88c062b-3c19-46e9-92b8-b80f6c3eef56,9a0910ce-634b-47b6-a63c-caaf219e0b55.rna_seq.augmented_star_gene_counts.tsv,1100a2729e7a82b2a5ac0c82da206ff0
TCGA-J2-A4AD,911a72ec-dcb3-4454-8f22-7bd4f9d29b21,fe69fb9c-7215-478c-ae5c-44f5d0814b9d.rna_seq.augmented_star_gene_counts.tsv,03677dc93024ec2bbfb2318d7566c327
TCGA-J2-A4AE,f2dbb2df-c98b-42d1-9fad-9708bc42fa03,b5cadc0c-3088-4f81-9561-902c8ca44c2d.rna_seq.augmented_star_gene_counts.tsv,f81aad9162561e324ef51a7a01317a4e
TCGA-J2-A4AG,bd820f5e-c8fd-4af5-b81c-2c51715cd759,12beb3ab-f6e1-42b0-af74-1a8cbb3416c0.rna_seq.augmented_star_gene_counts.tsv,30ae0fb3e98b58ff708905810f4ee66d
TCGA-L4-A4E5,de26de4a-c738-4a8b-a44a-0eab208c0db2,fb3e2838-b073-40c9-824f-3216f940a2c5.rna_seq.augmented_star_gene_counts.tsv,aa4c3f2f7f71e48e66bcb156dbb98a3b
TCGA-L4-A4E6,7bc6d1c2-7d78-4b67-9c0d-8a836047f721,e4fe566f-bf64-408e-a422-fef7b855391f.rna_seq.augmented_star_gene_counts.tsv,8fa4504d7eefffe6f9fc7100a0b79b2f
TCGA-L9-A443,9796354a-6ac6-466b-a82b-f1e9785bc447,da52147d-9bd6-449c-b5d9-b168822ddac0.rna_seq.augmented_star_gene_counts.tsv,9c97fb05beac363ba2a074331bca83b5
TCGA-L9-A444,9bd26335-dd71-4821-b7d1-a4e24430fbb3,841e54a1-9d65-4256-b70e-eb64659b40a4.rna_seq.augmented_star_gene_counts.tsv,7317608cc1ef3790db80ce5e07d4ca91
TCGA-L9-A50W,0765d9e8-0fec-46bc-832a-89945435d5b1,78bf9571-4145-4c0d-a61a-58a878351097.rna_seq.augmented_star_gene_counts.tsv,df8220816bbf3db26d528638d2f289fd
TCGA-L9-A5IP,04778fc1-a821-4029-a383-d88e711f3bee,22cd91fc-54c5-43e0-80ff-19a419298721.rna_seq.augmented_star_gene_counts.tsv,73ae4d4d401efbe058d3bd47d3d22e47
TCGA-L9-A743,51847dea-489f-4df9-84f8-26a6f2579620,35a9d225-0988-4e31-9a39-d54f3a63bea8.rna_seq.augmented_star_gene_counts.tsv,53810a51254a1fa3ae413dc7f75c5e9a
TCGA-L9-A7SV,a9e3a464-50ea-49a0-9482-1513ed167bf4,6804af50-1b4f-4872-83b8-bae24d398cb4.rna_seq.augmented_star_gene_counts.tsv,f0bb3bbc9da88c260eb3355dc9e69d29
TCGA-L9-A8F4,8be16a1a-383f-4365-b1e5-139b1625e3ce,e1b67311-dee7-4296-ac38-1ad47a80c257.rna_seq.augmented_star_gene_counts.tsv,1ea58f43e8e349787ddd20f98d29f7df
TCGA-MN-A4N1,5ef157e9-bb3d-4214-a946-f5bc2bbf74b6,6078603d-a4e2-4a1a-abca-01fb63106888.rna_seq.augmented_star_gene_counts.tsv,b7a089eaaae9f690fd24e0648cc96c56
TCGA-MN-A4N4,7abd9747-a947-4b15-b51c-c82cda9f065c,731c955b-e1e8-462a-9c94-64310f2d7eae.rna_seq.augmented_star_gene_counts.tsv,1622584397c678c7e0361519fdaec87b
TCGA-MN-A4N5,b6a0d742-e7bc-4d67-8014-675e62f1ddd0,df3e51ff-63ad-45c2-ba71-676c5eb6b9e0.rna_seq.augmented_star_gene_counts.tsv,69dbc0c2623194f3587913c64661a3b0
TCGA-MP-A4SV,968c4aa2-2bcd-4823-b7fa-fbedc41ddb25,d7339ba2-0cc2-40b7-9dbe-f8f3366b20d9.rna_seq.augmented_star_gene_counts.tsv,6e228114d239ac381ef7ca831144a869
TCGA-MP-A4SW,555bdfe8-80bb-46db-80f1-421038f5c2b4,25ef25f6-9982-41ad-9823-62763c6c29eb.rna_seq.augmented_star_gene_counts.tsv,4c5be09c86f910c1e3ea08a5f24621e1
TCGA-MP-A4SY,6b6751a5-2dad-4bb4-bfae-b2239770fad8,41fde338-9254-4ad2-9806-d7864c2d038e.rna_seq.augmented_star_gene_counts.tsv,400c739136c9fea94e49d6d7b05bdeb0
TCGA-MP-A4T4,0344d3bb-8bb2-459e-bc1f-ba31c7470d08,39807893-979e-44c6-ada9-444c68b863c3.rna_seq.augmented_star_gene_counts.tsv,813876c8339211b5f2dbd9bfa5ede767
TCGA-MP-A4T6,48d5fe32-37ca-4717-af64-1343a3561849,04ce9fac-b5f3-4830-935e-9d6ea74ee915.rna_seq.augmented_star_gene_counts.tsv,f414598e7397e797f9126497ee198b53
TCGA-MP-A4T7,d54e9279-578f-40cd-8e55-fbd7af5279dd,1c66cca9-ad78-44e5-ab54-be31d4a66437.rna_seq.augmented_star_gene_counts.tsv,7c7b923f271c379bfa9cab88431232f4
TCGA-MP-A4T8,c343f781-c1df-4349-aab3-f159329a11da,3a8b14d9-c521-48d4-9400-074d752afe1b.rna_seq.augmented_star_gene_counts.tsv,1b67c1145e085900d7878227a2aa6cec
TCGA-MP-A4T9,8ddad1cb-d2ab-4fbf-865e-f134fcce0194,3c6fdcc9-916b-4ec2-be58-1dd15e7d94a2.rna_seq.augmented_star_gene_counts.tsv,c45bc11b5e9c813d6bf503bfe169abb5
TCGA-MP-A4TA,692a5c89-8f1a-4e23-a490-b092c6bb37c5,64a2d5cb-2892-4d2a-aa7a-cc1a6dec1c46.rna_seq.augmented_star_gene_counts.tsv,44a3b36c64045a88bed0b6f746dd4e2a
TCGA-MP-A4TC,2fa40914-d149-4f67-aa78-64723258314f,e0819bee-5642-4297-b6bb-70e41d54ee8c.rna_seq.augmented_star_gene_counts.tsv,1e1db517b57d7edb72b56e62f6522d52
TCGA-MP-A4TD,df452e00-a7e9-4045-83fb-623885a542d4,5444c7d2-9c7e-4b9e-a8ee-7d64c375be17.rna_seq.augmented_star_gene_counts.tsv,4af0fb0fff41735de9f66e7aef844b2b
TCGA-MP-A4TE,d8334fd5-d042-48b4-95f5-4d5e3c5166e9,aab7b2a0-4181-4556-b1a8-28d31f98a43c.rna_seq.augmented_star_gene_counts.tsv,334ed0d69b61a0328fbfe91d87deeebe
TCGA-MP-A4TF,ed3bcbbc-0f04-415f-a083-e34cefa9e310,828b6221-7b05-4e5f-aee0-0234f06fb81e.rna_seq.augmented_star_gene_counts.tsv,0dfc9ad71e9fbd6ce50ec0c37da15770
TCGA-MP-A4TH,9ee64463-e09f-4983-b83d-a6a5481cab9a,681308e4-1122-4343-9d6b-63df6a39d302.rna_seq.augmented_star_gene_counts.tsv,1d8b1e8e20fc34de64dead5341e1408a
TCGA-MP-A4TI,775f63d2-d752-4d68-abc1-129fce5c3301,6aa56177-0576-454d-81e8-28aa9ce76406.rna_seq.augmented_star_gene_counts.tsv,cd814ca615d8b2be63df5c14b4ab0131
TCGA-MP-A4TJ,fc757476-1d31-470b-b648-79608b201bdc,156a175b-b419-4089-8541-7318e3dee78a.rna_seq.augmented_star_gene_counts.tsv,fd4dab831f28f3a89edfa334c3a89fd9
TCGA-MP-A4TK,7a59e84b-2d4a-4148-966d-7eadeb61ef38,9fde5e1d-5b86-411d-b194-3eb3c6305ebd.rna_seq.augmented_star_gene_counts.tsv,9c21043c5638dba7273a01f2c1e1173c
TCGA-MP-A5C7,648b0d02-f264-4d88-9997-baed8f000a60,6c438dcf-6ec0-4bf7-8122-875490967b70.rna_seq.augmented_star_gene_counts.tsv,96663d7e70cf35a9fe1e370d6c34e806
TCGA-NJ-A4YP,e3339500-9481-4a24-a3b8-65b86dabc920,57048ebe-3153-4e65-bbca-eadb92b99d31.rna_seq.augmented_star_gene_counts.tsv,4293c0b92c8ba7ee14e077b33540b934
TCGA-NJ-A7XG,3c421a7f-8bde-4b4b-90e5-cf0ea11274ab,fbd81adc-aa56-4cde-b1f2-e749e2cbf653.rna_seq.augmented_star_gene_counts.tsv,9ea84591cfd8c515b09154818d1f2d2d
TCGA-O1-A52J,7a176670-7636-4329-951b-c118b816cfca,9ce317be-70dc-4dd2-86b5-e6f79be6f10b.rna_seq.augmented_star_gene_counts.tsv,b67abf0b1d828c1958c03adcec5584fc
TCGA-S2-AA1A,deb2d529-5ea7-4a41-be07-f9239d7ac759,5d081953-cf3a-40cb-95bf-f418ed3879ac.rna_seq.augmented_star_gene_counts.tsv,f51db06a247a24205c23debe748cf6e8
